Type,Genus,Species,Fossil type,Dispersal unit,Isodiametric tetrad or anisodiametric tetrad,Aperture type,Amb shape (polar view shape),Exine ornamentation (surface),Tetrad diameter (D) (µm),Individual cell equatorial diameter (d) (µm),Individual cell polar axis (P) or Monad polar axis (P) (µm),Septum (septal exine) thickness (Se) (µm),Exine thickness (Ex) (µm),Tetrad diameter/Cell equatorial diameter (D/d),Cell P/E axis ratio (P/d),Ex/Se,Monad equatorial diameter (E),Monad P/E axis ratio (P/E),Cell big polar axis (µm),Equatorial shape,"Aperture length (2f for tetrad, L for monad) (µm)",Aperture width (W) (µm),2f/W or L/W,2f/D
Reference,Acrotriche,Acrotriche divaricata,NA,2,1,3,1,0,44.02,35.96,21.23,3.37,3.01,1.22,0.59,0.89,NA,NA,NA,5,26.07,0.81,32.19,0.59
Reference,Acrotriche,Acrotriche divaricata,NA,2,1,3,1,0,45.05,31.83,26.55,2.84,3.96,1.42,0.83,1.39,NA,NA,NA,5,29.07,0.66,44.05,0.65
Reference,Acrotriche,Acrotriche divaricata,NA,2,1,3,1,0,49.48,39.8,26.15,2.76,3.81,1.24,0.66,1.38,NA,NA,NA,5,32.43,0.69,47,0.66
Reference,Acrotriche,Acrotriche divaricata,NA,2,1,3,1,0,41.31,32.64,20.98,2.07,3.27,1.27,0.64,1.58,NA,NA,NA,5,19.89,0.66,30.14,0.48
Reference,Acrotriche,Acrotriche divaricata,NA,2,1,3,1,0,37.65,30.54,18.63,2.44,2.74,1.23,0.61,1.12,NA,NA,NA,5,23.76,0.63,37.71,0.63
Reference,Acrotriche,Acrotriche divaricata,NA,2,1,3,1,0,48.6,32.35,24.09,2.96,2.94,1.5,0.74,0.99,NA,NA,NA,5,30.03,1.91,15.72,0.62
Reference,Acrotriche,Acrotriche divaricata,NA,2,1,3,1,0,47.48,35.62,24.84,3,3.44,1.33,0.7,1.15,NA,NA,NA,5,30.63,1.31,23.38,0.65
Reference,Acrotriche,Acrotriche divaricata,NA,2,1,3,1,0,43.87,36.24,23.32,1.91,3.5,1.21,0.64,1.83,NA,NA,NA,5,25.39,0.66,38.47,0.58
Reference,Acrotriche,Acrotriche divaricata,NA,2,1,3,1,0,38.57,29.79,19.2,1.53,3.3,1.29,0.64,2.16,NA,NA,NA,5,25.68,0.68,37.76,0.67
Reference,Acrotriche,Acrotriche divaricata,NA,2,1,3,1,0,38.35,30.36,20.24,1.85,2.62,1.26,0.67,1.42,NA,NA,NA,5,19.29,0.63,30.62,0.5
Reference,Acrotriche,Acrotriche divaricata,NA,2,1,3,1,0,36.79,29,17.85,1.71,2.93,1.27,0.62,1.71,NA,NA,NA,5,23.38,0.68,34.38,0.64
Reference,Acrotriche,Acrotriche divaricata,NA,2,1,3,1,0,48.85,40.88,21.83,3.7,3.71,1.19,0.53,1,NA,NA,NA,5,34.36,0.92,37.35,0.7
Reference,Acrotriche,Acrotriche divaricata,NA,2,1,3,1,0,54.41,41.57,29.27,2.83,3.58,1.31,0.7,1.27,NA,NA,NA,5,28.42,0.77,36.91,0.52
Reference,Acrotriche,Acrotriche divaricata,NA,2,1,3,1,0,58.05,42.9,30.26,2.69,3.89,1.35,0.71,1.45,NA,NA,NA,5,29.87,0.92,32.47,0.51
Reference,Acrotriche,Acrotriche divaricata,NA,2,1,3,1,0,46.81,34.18,27.23,2.27,4.1,1.37,0.8,1.81,NA,NA,NA,5,26.44,0.72,36.72,0.56
Reference,Acrotriche,Acrotriche divaricata,NA,2,1,3,1,0,42.13,31.97,21.79,2,3.5,1.32,0.68,1.75,NA,NA,NA,5,23.66,0.73,32.41,0.56
Reference,Acrotriche,Acrotriche divaricata,NA,2,1,3,1,0,43.67,35.23,25.49,1.44,3.36,1.24,0.72,2.33,NA,NA,NA,5,27.4,0.71,38.59,0.63
Reference,Acrotriche,Acrotriche divaricata,NA,2,1,3,1,0,41.5,31.98,24.81,1.4,2.19,1.3,0.78,1.56,NA,NA,NA,5,20.88,1.38,15.13,0.5
Reference,Acrotriche,Acrotriche divaricata,NA,2,1,3,1,0,44.39,33.55,25.94,1.93,2.48,1.32,0.77,1.28,NA,NA,NA,5,30.1,1.15,26.17,0.68
Reference,Acrotriche,Acrotriche divaricata,NA,2,1,3,1,0,43.44,30.5,21.7,2,2.12,1.42,0.71,1.06,NA,NA,NA,5,23.25,0.86,27.03,0.54
Reference,Acrotriche,Acrotriche divaricata,NA,2,1,3,1,0,43.2,28.22,21.47,1.99,2.87,1.53,0.76,1.44,NA,NA,NA,5,21.9,0.92,23.8,0.51
Reference,Acrotriche,Acrotriche divaricata,NA,2,1,3,1,0,39.85,31.15,22.47,2.5,2.72,1.28,0.72,1.09,NA,NA,NA,5,22.4,0.7,32,0.56
Reference,Acrotriche,Acrotriche divaricata,NA,2,1,3,1,0,46.6,36.66,27.84,1.67,2.11,1.27,0.76,1.26,NA,NA,NA,5,27.52,0.87,31.63,0.59
Reference,Acrotriche,Acrotriche divaricata,NA,2,1,3,1,0,32.88,23.31,16.7,2.02,2.85,1.41,0.72,1.41,NA,NA,NA,5,19.48,0.62,31.42,0.59
Reference,Acrotriche,Acrotriche divaricata,NA,2,1,3,1,0,42.83,35.1,18.46,2.54,2.28,1.22,0.53,0.9,NA,NA,NA,5,28.57,0.96,29.76,0.67
Reference,Acrotriche,Acrotriche divaricata,NA,2,1,3,1,0,39.96,23.7,21.34,2.23,2.69,1.69,0.9,1.21,NA,NA,NA,5,26,1.19,21.85,0.65
Reference,Acrotriche,Acrotriche divaricata,NA,2,1,3,1,0,33.38,27.74,17.55,2.79,2.09,1.2,0.63,0.75,NA,NA,NA,5,23.1,0.6,38.5,0.69
Reference,Acrotriche,Acrotriche divaricata,NA,2,1,3,1,0,30.65,23.55,16.42,1.72,2.99,1.3,0.7,1.74,NA,NA,NA,5,22.51,0.71,31.7,0.73
Reference,Acrotriche,Acrotriche divaricata,NA,2,1,3,1,0,41.86,34.71,25.76,1.34,3.07,1.21,0.74,2.29,NA,NA,NA,5,21.98,0.92,23.89,0.53
Reference,Acrotriche,Acrotriche divaricata,NA,2,1,3,1,0,44.78,34.79,27.24,2.47,2.79,1.29,0.78,1.13,NA,NA,NA,5,25.05,1.79,13.99,0.56
Reference,Astroloma,Astroloma humifusum,NA,1,NA,6,4,5,NA,NA,52.63,NA,3.65,NA,NA,NA,50.41,1.04,NA,6,NA,NA,NA,NA
Reference,Astroloma,Astroloma humifusum,NA,1,NA,6,4,5,NA,NA,46.59,NA,3.43,NA,NA,NA,43.87,1.06,NA,6,NA,NA,NA,NA
Reference,Astroloma,Astroloma humifusum,NA,1,NA,6,4,5,NA,NA,36.33,NA,4.02,NA,NA,NA,32.92,1.1,NA,6,NA,NA,NA,NA
Reference,Astroloma,Astroloma humifusum,NA,1,NA,6,4,5,NA,NA,44.71,NA,3.44,NA,NA,NA,43.52,1.03,NA,6,NA,NA,NA,NA
Reference,Astroloma,Astroloma humifusum,NA,1,NA,6,4,5,NA,NA,45.38,NA,3.02,NA,NA,NA,44.14,1.03,NA,6,NA,NA,NA,NA
Reference,Astroloma,Astroloma humifusum,NA,1,NA,6,4,6,NA,NA,106.03,NA,7.15,NA,NA,NA,103.33,1.03,NA,6,NA,NA,NA,NA
Reference,Astroloma,Astroloma humifusum,NA,1,NA,6,4,6,NA,NA,99.79,NA,7.72,NA,NA,NA,92.98,1.07,NA,6,NA,NA,NA,NA
Reference,Astroloma,Astroloma humifusum,NA,1,NA,6,4,6,NA,NA,115.49,NA,9.45,NA,NA,NA,113.09,1.02,NA,6,NA,NA,NA,NA
Reference,Astroloma,Astroloma humifusum,NA,1,NA,6,4,6,NA,NA,99,NA,7,NA,NA,NA,106.5,0.93,NA,4,NA,NA,NA,NA
Reference,Astroloma,Astroloma humifusum,NA,1,NA,6,4,6,NA,NA,101,NA,8.63,NA,NA,NA,99,1.02,NA,6,NA,NA,NA,NA
Reference,Astroloma,Astroloma humifusum,NA,1,NA,6,4,6,NA,NA,90.87,NA,7.53,NA,NA,NA,88.28,1.03,NA,6,NA,NA,NA,NA
Reference,Astroloma,Astroloma humifusum,NA,1,NA,6,4,6,NA,NA,109.99,NA,6.12,NA,NA,NA,111.88,0.98,NA,4,NA,NA,NA,NA
Reference,Astroloma,Astroloma humifusum,NA,1,NA,6,4,6,NA,NA,101.95,NA,6.28,NA,NA,NA,102.13,1,NA,4,NA,NA,NA,NA
Reference,Astroloma,Astroloma humifusum,NA,1,NA,6,4,6,NA,NA,90.75,NA,7.47,NA,NA,NA,91.41,0.99,NA,4,NA,NA,NA,NA
Reference,Astroloma,Astroloma humifusum,NA,1,NA,6,4,6,NA,NA,103.01,NA,6.24,NA,NA,NA,89.74,1.15,NA,7,NA,NA,NA,NA
Reference,Astroloma,Astroloma humifusum,NA,1,NA,6,4,6,NA,NA,113.09,NA,6.9,NA,NA,NA,80.93,1.4,NA,8,NA,NA,NA,NA
Reference,Astroloma,Astroloma humifusum,NA,1,NA,6,4,6,NA,NA,111.87,NA,10.38,NA,NA,NA,98.32,1.14,NA,6,NA,NA,NA,NA
Reference,Astroloma,Astroloma humifusum,NA,1,NA,6,4,6,NA,NA,102.47,NA,7.22,NA,NA,NA,90.45,1.13,NA,6,NA,NA,NA,NA
Reference,Astroloma,Astroloma humifusum,NA,1,NA,6,4,6,NA,NA,102.75,NA,7.9,NA,NA,NA,86.57,1.19,NA,7,NA,NA,NA,NA
Reference,Astroloma,Astroloma humifusum,NA,1,NA,6,4,6,NA,NA,114.58,NA,7.5,NA,NA,NA,104.34,1.1,NA,6,NA,NA,NA,NA
Reference,Astroloma,Astroloma humifusum,NA,1,NA,6,4,6,NA,NA,102.56,NA,6.36,NA,NA,NA,105.2,0.97,NA,4,NA,NA,NA,NA
Reference,Astroloma,Astroloma humifusum,NA,1,NA,6,4,6,NA,NA,104.67,NA,6.81,NA,NA,NA,95.98,1.09,NA,6,NA,NA,NA,NA
Reference,Astroloma,Astroloma humifusum,NA,1,NA,6,4,6,NA,NA,92.97,NA,7.76,NA,NA,NA,101.07,0.92,NA,4,NA,NA,NA,NA
Reference,Astroloma,Astroloma humifusum,NA,1,NA,6,4,1,NA,NA,92.24,NA,6.77,NA,NA,NA,91.57,1.01,NA,6,NA,NA,NA,NA
Reference,Astroloma,Astroloma humifusum,NA,1,NA,6,4,1,NA,NA,94.16,NA,6.46,NA,NA,NA,83.62,1.13,NA,6,NA,NA,NA,NA
Reference,Astroloma,Astroloma humifusum,NA,1,NA,6,4,1,NA,NA,88.5,NA,8.29,NA,NA,NA,82.28,1.08,NA,6,NA,NA,NA,NA
Reference,Astroloma,Astroloma humifusum,NA,1,NA,6,4,1,NA,NA,86.71,NA,7.29,NA,NA,NA,88.08,0.98,NA,4,NA,NA,NA,NA
Reference,Astroloma,Astroloma humifusum,NA,1,NA,6,4,1,NA,NA,83.59,NA,7.45,NA,NA,NA,85.54,0.98,NA,4,NA,NA,NA,NA
Reference,Astroloma,Astroloma humifusum,NA,1,NA,6,4,1,NA,NA,92.45,NA,6.99,NA,NA,NA,91.8,1.01,NA,6,NA,NA,NA,NA
Reference,Astroloma,Astroloma humifusum,NA,1,NA,6,4,1,NA,NA,98.65,NA,5.87,NA,NA,NA,89.9,1.1,NA,6,NA,NA,NA,NA
Reference,Astroloma,Astroloma humifusum,NA,1,NA,6,4,1,NA,NA,89.29,NA,5.74,NA,NA,NA,84.42,1.06,NA,6,NA,NA,NA,NA
Reference,Astroloma,Astroloma humifusum,NA,1,NA,6,4,1,NA,NA,96.51,NA,6.48,NA,NA,NA,88.92,1.09,NA,6,NA,NA,NA,NA
Reference,Astroloma,Astroloma humifusum,NA,1,NA,6,4,1,NA,NA,94.43,NA,6.29,NA,NA,NA,86.13,1.1,NA,6,NA,NA,NA,NA
Reference,Astroloma,Astroloma humifusum,NA,1,NA,6,4,1,NA,NA,87.6,NA,6.93,NA,NA,NA,86.55,1.01,NA,6,NA,NA,NA,NA
Reference,Astroloma,Astroloma humifusum,NA,1,NA,6,4,1,NA,NA,102.69,NA,5.86,NA,NA,NA,96.22,1.07,NA,6,NA,NA,NA,NA
Reference,Astroloma,Astroloma humifusum,NA,1,NA,6,4,1,NA,NA,92.51,NA,6.8,NA,NA,NA,92.93,1,NA,4,NA,NA,NA,NA
Reference,Astroloma,Astroloma humifusum,NA,1,NA,6,4,1,NA,NA,89.87,NA,6.14,NA,NA,NA,85.95,1.05,NA,6,NA,NA,NA,NA
Reference,Astroloma,Astroloma humifusum,NA,1,NA,6,4,1,NA,NA,94.9,NA,7.17,NA,NA,NA,88.26,1.08,NA,6,NA,NA,NA,NA
Reference,Astroloma,Astroloma humifusum,NA,1,NA,6,4,1,NA,NA,89.45,NA,7.94,NA,NA,NA,85.44,1.05,NA,6,NA,NA,NA,NA
Reference,Astroloma,Astroloma pinifolium,NA,2,1,7,1,1,40.25,31.49,20.95,3.59,4.77,1.28,0.67,1.33,NA,NA,NA,5,NA,NA,NA,NA
Reference,Astroloma,Astroloma pinifolium,NA,2,1,7,1,1,48.81,37.98,24.29,2.25,4.44,1.29,0.64,1.97,NA,NA,NA,5,NA,NA,NA,NA
Reference,Astroloma,Astroloma pinifolium,NA,2,1,7,1,1,42.41,32.75,25.21,2.52,4.57,1.29,0.77,1.81,NA,NA,NA,5,NA,NA,NA,NA
Reference,Astroloma,Astroloma pinifolium,NA,2,1,7,1,1,45.16,30.45,18.72,4.17,3.41,1.48,0.61,0.82,NA,NA,NA,5,22.92,1.54,14.88,0.51
Reference,Astroloma,Astroloma pinifolium,NA,2,1,7,1,1,40.68,31.08,17.46,1.52,4.21,1.31,0.56,2.77,NA,NA,NA,5,NA,NA,NA,NA
Reference,Astroloma,Astroloma pinifolium,NA,2,1,7,1,1,43.79,31.64,22.18,1.97,5.01,1.38,0.7,2.54,NA,NA,NA,5,22.38,0.95,23.56,0.51
Reference,Astroloma,Astroloma pinifolium,NA,2,1,7,1,1,44.46,35.05,23.37,2.32,4.57,1.27,0.67,1.97,NA,NA,NA,5,24.17,0.86,28.1,0.54
Reference,Astroloma,Astroloma pinifolium,NA,2,1,7,1,1,38.73,47.74,25.94,3.76,5.33,0.81,0.54,1.42,NA,NA,NA,5,NA,NA,NA,NA
Reference,Astroloma,Astroloma pinifolium,NA,2,1,7,2,1,55.32,38.43,27.05,1.59,5.9,1.44,0.7,3.71,NA,NA,NA,5,NA,NA,NA,NA
Reference,Astroloma,Astroloma pinifolium,NA,2,1,7,1,1,53.99,33.82,29.88,2.35,6.49,1.6,0.88,2.76,NA,NA,NA,5,NA,NA,NA,NA
Reference,Astroloma,Astroloma pinifolium,NA,2,1,7,2,1,54.97,39.88,27.11,2.09,5.99,1.38,0.68,2.87,NA,NA,NA,5,NA,NA,NA,NA
Reference,Astroloma,Astroloma pinifolium,NA,2,1,7,1,1,43.81,37.67,22.04,2.17,4.48,1.16,0.59,2.06,NA,NA,NA,5,31.28,1.11,28.18,0.71
Reference,Astroloma,Astroloma pinifolium,NA,2,1,7,1,1,48.66,34.58,22.02,2.12,4.94,1.41,0.64,2.33,NA,NA,NA,5,NA,NA,NA,NA
Reference,Astroloma,Astroloma pinifolium,NA,2,1,7,1,1,52.37,37.5,18.77,2.39,3.77,1.4,0.5,1.58,NA,NA,NA,5,NA,NA,NA,NA
Reference,Astroloma,Astroloma pinifolium,NA,2,1,7,1,1,47.64,41.97,24.98,2.91,5.05,1.14,0.6,1.74,NA,NA,NA,5,NA,NA,NA,NA
Reference,Astroloma,Astroloma pinifolium,NA,2,1,7,1,1,58.05,41.09,23.46,2.42,4.34,1.41,0.57,1.79,NA,NA,NA,5,NA,NA,NA,NA
Reference,Astroloma,Astroloma pinifolium,NA,2,1,7,1,1,55.78,35.72,24.79,4.87,4.31,1.56,0.69,0.89,NA,NA,NA,5,NA,NA,NA,NA
Reference,Astroloma,Astroloma pinifolium,NA,2,1,7,1,1,47.32,31.34,24.21,2.58,4.56,1.51,0.77,1.77,NA,NA,NA,5,NA,NA,NA,NA
Reference,Astroloma,Astroloma pinifolium,NA,2,1,7,1,1,45.42,36.47,21.83,2.45,6.04,1.25,0.6,2.47,NA,NA,NA,5,NA,NA,NA,NA
Reference,Astroloma,Astroloma pinifolium,NA,2,1,7,1,1,48.32,35.38,25.01,3.88,7.67,1.37,0.71,1.98,NA,NA,NA,5,NA,NA,NA,NA
Reference,Astroloma,Astroloma pinifolium,NA,2,1,7,1,1,45.57,36.13,23.66,2.32,5.8,1.26,0.65,2.5,NA,NA,NA,5,NA,NA,NA,NA
Reference,Astroloma,Astroloma pinifolium,NA,2,1,7,1,1,49.29,35.39,26.59,4.61,5.5,1.39,0.75,1.19,NA,NA,NA,5,NA,NA,NA,NA
Reference,Astroloma,Astroloma pinifolium,NA,2,1,7,1,1,48.57,42.27,23.86,1.78,5.23,1.15,0.56,2.94,NA,NA,NA,5,NA,NA,NA,NA
Reference,Astroloma,Astroloma pinifolium,NA,2,1,7,1,1,41.69,36.75,21.64,2.89,3.5,1.13,0.59,1.21,NA,NA,NA,5,NA,NA,NA,NA
Reference,Astroloma,Astroloma pinifolium,NA,2,1,7,1,1,42.02,32.16,22.16,2.75,4.34,1.31,0.69,1.58,NA,NA,NA,5,19.04,0.94,20.26,0.45
Reference,Astroloma,Astroloma pinifolium,NA,2,1,7,1,1,50.83,42.12,29.69,3.7,5.1,1.21,0.7,1.38,NA,NA,NA,5,NA,NA,NA,NA
Reference,Astroloma,Astroloma pinifolium,NA,2,1,7,1,1,40.77,29.12,19.41,2.09,3.45,1.4,0.67,1.65,NA,NA,NA,5,24.11,1.02,23.64,0.59
Reference,Astroloma,Astroloma pinifolium,NA,2,1,7,1,1,44.52,35.72,20.1,4.09,4.9,1.25,0.56,1.2,NA,NA,NA,5,NA,NA,NA,NA
Reference,Astroloma,Astroloma pinifolium,NA,2,1,7,1,1,44.98,36.76,27.65,3.06,5.31,1.22,0.75,1.74,NA,NA,NA,5,NA,NA,NA,NA
Reference,Astroloma,Astroloma pinifolium,NA,2,1,7,1,1,50.59,37.43,28.53,2.84,5.28,1.35,0.76,1.86,NA,NA,NA,5,NA,NA,NA,NA
Reference,Astroloma,Astroloma pinifolium,NA,2,1,7,1,1,48.5,41.46,21.92,1.66,3.65,1.17,0.53,2.2,NA,NA,NA,5,NA,NA,NA,NA
Reference,Astroloma,Astroloma pinifolium,NA,2,1,7,1,1,55.87,38.47,26.23,1.6,6.07,1.45,0.68,3.79,NA,NA,NA,5,NA,NA,NA,NA
Reference,Astroloma,Astroloma pinifolium,NA,2,1,7,1,1,54.46,39.92,29.14,2.61,4.53,1.36,0.73,1.74,NA,NA,NA,5,NA,NA,NA,NA
Reference,Astroloma,Astroloma pinifolium,NA,2,1,7,1,1,41.88,34.42,21.05,3.27,4.73,1.22,0.61,1.45,NA,NA,NA,5,NA,NA,NA,NA
Reference,Astroloma,Astroloma pinifolium,NA,2,1,7,2,1,50.38,36.69,25.88,1.97,4.97,1.37,0.71,2.52,NA,NA,NA,5,NA,NA,NA,NA
Reference,Astroloma,Astroloma pinifolium,NA,2,1,7,1,1,45.42,33.05,22.79,2.32,6.01,1.37,0.69,2.59,NA,NA,NA,5,NA,NA,NA,NA
Reference,Astroloma,Astroloma pinifolium,NA,2,1,7,1,1,49.54,39.11,24.71,3.66,8.04,1.27,0.63,2.2,NA,NA,NA,5,NA,NA,NA,NA
Reference,Brachyloma,Brachyloma daphnoides,NA,1,NA,3,1,0,NA,NA,38.07,NA,2.84,NA,NA,NA,36.26,1.05,NA,6,25.42,2.66,9.56,NA
Reference,Brachyloma,Brachyloma daphnoides,NA,1,NA,3,1,0,NA,NA,38.83,NA,4.98,NA,NA,NA,33.74,1.15,NA,7,26.81,1.46,18.36,NA
Reference,Brachyloma,Brachyloma daphnoides,NA,1,NA,3,1,0,NA,NA,38.71,NA,3.8,NA,NA,NA,33.79,1.15,NA,7,26.09,1.17,22.3,NA
Reference,Brachyloma,Brachyloma daphnoides,NA,1,NA,3,1,0,NA,NA,41.72,NA,3.89,NA,NA,NA,37.67,1.11,NA,6,31.04,1.92,16.17,NA
Reference,Brachyloma,Brachyloma daphnoides,NA,1,NA,3,1,0,NA,NA,35.69,NA,3.91,NA,NA,NA,35.23,1.01,NA,6,20.66,1.2,17.22,NA
Reference,Brachyloma,Brachyloma daphnoides,NA,1,NA,3,1,0,NA,NA,38.9,NA,5.08,NA,NA,NA,36.69,1.06,NA,6,22.82,1.58,14.44,NA
Reference,Brachyloma,Brachyloma daphnoides,NA,1,NA,3,1,0,NA,NA,35.55,NA,4.3,NA,NA,NA,34.64,1.03,NA,6,22.28,1.63,13.67,NA
Reference,Brachyloma,Brachyloma daphnoides,NA,1,NA,3,1,0,NA,NA,32.37,NA,3.26,NA,NA,NA,37.28,0.87,NA,3,22.89,0.99,23.12,NA
Reference,Brachyloma,Brachyloma daphnoides,NA,1,NA,3,1,0,NA,NA,37.96,NA,3.35,NA,NA,NA,34.37,1.1,NA,6,30.97,1.75,17.7,NA
Reference,Brachyloma,Brachyloma daphnoides,NA,1,NA,3,1,0,NA,NA,32.86,NA,4.08,NA,NA,NA,35.29,0.93,NA,4,19.2,2.39,8.03,NA
Reference,Brachyloma,Brachyloma daphnoides,NA,1,NA,3,1,0,NA,NA,40.03,NA,3.16,NA,NA,NA,34.86,1.15,NA,7,27,1.35,20,NA
Reference,Brachyloma,Brachyloma daphnoides,NA,1,NA,3,1,0,NA,NA,38.16,NA,2.9,NA,NA,NA,37.49,1.02,NA,6,25.38,1.71,14.84,NA
Reference,Brachyloma,Brachyloma daphnoides,NA,1,NA,3,1,0,NA,NA,38.75,NA,4.69,NA,NA,NA,37.81,1.02,NA,6,25.02,2.09,11.97,NA
Reference,Brachyloma,Brachyloma daphnoides,NA,1,NA,3,1,0,NA,NA,34.68,NA,3.28,NA,NA,NA,34.14,1.02,NA,6,18.74,2.12,8.84,NA
Reference,Brachyloma,Brachyloma daphnoides,NA,1,NA,3,1,0,NA,NA,38.05,NA,3.39,NA,NA,NA,35.95,1.06,NA,6,22.52,1.01,22.3,NA
Reference,Brachyloma,Brachyloma daphnoides,NA,1,NA,3,1,0,NA,NA,32.74,NA,4.02,NA,NA,NA,39.39,0.83,NA,3,21.19,1.24,17.09,NA
Reference,Brachyloma,Brachyloma daphnoides,NA,1,NA,3,1,0,NA,NA,40,NA,2.91,NA,NA,NA,36.56,1.09,NA,6,25.77,0.92,28.01,NA
Reference,Brachyloma,Brachyloma daphnoides,NA,1,NA,3,1,0,NA,NA,35.92,NA,2.81,NA,NA,NA,37.11,0.97,NA,4,22.05,1.63,13.53,NA
Reference,Brachyloma,Brachyloma daphnoides,NA,1,NA,3,1,0,NA,NA,36.31,NA,3.03,NA,NA,NA,33.42,1.09,NA,6,22.3,1.05,21.24,NA
Reference,Brachyloma,Brachyloma daphnoides,NA,1,NA,3,1,0,NA,NA,39.06,NA,2.86,NA,NA,NA,35.63,1.1,NA,6,22.17,1.39,15.95,NA
Reference,Brachyloma,Brachyloma daphnoides,NA,1,NA,3,1,0,NA,NA,38.47,NA,4.72,NA,NA,NA,36.9,1.04,NA,6,25.84,1.19,21.71,NA
Reference,Brachyloma,Brachyloma daphnoides,NA,1,NA,3,1,0,NA,NA,35.56,NA,3.65,NA,NA,NA,33.63,1.06,NA,6,16.82,1.22,13.79,NA
Reference,Brachyloma,Brachyloma daphnoides,NA,1,NA,3,1,0,NA,NA,40.14,NA,2.81,NA,NA,NA,34.43,1.17,NA,7,18.17,1.8,10.09,NA
Reference,Brachyloma,Brachyloma daphnoides,NA,1,NA,3,1,0,NA,NA,38.97,NA,4.17,NA,NA,NA,38.69,1.01,NA,6,27.32,1.13,24.18,NA
Reference,Brachyloma,Brachyloma daphnoides,NA,1,NA,3,1,0,NA,NA,41.41,NA,3.45,NA,NA,NA,38.25,1.08,NA,6,25.57,1.16,22.04,NA
Reference,Brachyloma,Brachyloma daphnoides,NA,1,NA,3,1,0,NA,NA,38.14,NA,4.61,NA,NA,NA,36.29,1.05,NA,6,24.91,1.2,20.76,NA
Reference,Brachyloma,Brachyloma daphnoides,NA,1,NA,3,1,1,NA,NA,38.8,NA,3.17,NA,NA,NA,32.68,1.19,NA,7,18.54,1.27,14.6,NA
Reference,Brachyloma,Brachyloma daphnoides,NA,1,NA,3,1,1,NA,NA,38.93,NA,3.04,NA,NA,NA,35.83,1.09,NA,6,14.73,1.34,10.99,NA
Reference,Brachyloma,Brachyloma daphnoides,NA,1,NA,3,1,1,NA,NA,37.03,NA,2.8,NA,NA,NA,30.76,1.2,NA,7,29.59,1.33,22.25,NA
Reference,Brachyloma,Brachyloma daphnoides,NA,1,NA,3,1,1,NA,NA,34.58,NA,3.17,NA,NA,NA,28.25,1.22,NA,7,16.97,0.84,20.2,NA
Reference,Epacris,Epacris coriacea,NA,2,1,3,1,4,37.88,32.8,19.11,3,2.89,1.15,0.58,0.96,NA,NA,NA,5,20.86,0.5,41.72,0.55
Reference,Epacris,Epacris coriacea,NA,2,1,3,1,4,39.47,28.11,21.68,2.35,2.9,1.4,0.77,1.23,NA,NA,NA,5,21.13,0.84,25.15,0.54
Reference,Epacris,Epacris coriacea,NA,2,1,3,1,4,39.16,35.43,20.91,2.58,2.82,1.11,0.59,1.09,NA,NA,NA,5,26.29,1.87,14.06,0.67
Reference,Epacris,Epacris coriacea,NA,2,1,3,1,4,37.94,33.47,22.34,2.72,3.65,1.13,0.67,1.34,NA,NA,NA,5,23.38,0.65,35.97,0.62
Reference,Epacris,Epacris coriacea,NA,2,1,3,1,4,40.34,34.95,19.35,2.08,3.41,1.15,0.55,1.64,NA,NA,NA,5,23.07,1.21,19.07,0.57
Reference,Epacris,Epacris coriacea,NA,2,1,3,1,4,35.46,31.75,19.25,1.81,4,1.12,0.61,2.21,NA,NA,NA,5,19.91,1.42,14.02,0.56
Reference,Epacris,Epacris coriacea,NA,2,1,3,1,4,40.47,32.15,20.54,3.87,3.69,1.26,0.64,0.95,NA,NA,NA,5,21.41,0.78,27.45,0.53
Reference,Epacris,Epacris coriacea,NA,2,1,3,1,4,38.56,33.49,21.18,2.46,3.78,1.15,0.63,1.54,NA,NA,NA,5,29.71,0.85,34.95,0.77
Reference,Epacris,Epacris coriacea,NA,2,1,3,1,4,40.41,31.52,21.83,3,4.26,1.28,0.69,1.42,NA,NA,NA,5,21.38,0.65,32.89,0.53
Reference,Epacris,Epacris coriacea,NA,2,1,3,1,4,37.54,33.32,21.47,2.56,3.87,1.13,0.64,1.51,NA,NA,NA,5,21.47,0.94,22.84,0.57
Reference,Epacris,Epacris coriacea,NA,2,1,3,1,4,40.05,32.74,19.88,2.27,3.51,1.22,0.61,1.55,NA,NA,NA,5,22.88,0.66,34.67,0.57
Reference,Epacris,Epacris coriacea,NA,2,1,3,1,4,37.7,32.04,20.61,2.22,2.73,1.18,0.64,1.23,NA,NA,NA,5,22.72,0.84,27.05,0.6
Reference,Epacris,Epacris coriacea,NA,2,1,3,1,4,37.71,29.09,20.9,2.82,3.05,1.3,0.72,1.08,NA,NA,NA,5,20.93,1,20.93,0.56
Reference,Epacris,Epacris coriacea,NA,2,1,3,1,4,37.55,30.23,19.84,3.33,3.75,1.24,0.66,1.13,NA,NA,NA,5,18.57,0.79,23.51,0.49
Reference,Epacris,Epacris coriacea,NA,2,1,3,1,4,40.83,33.24,19.71,2.29,3.36,1.23,0.59,1.47,NA,NA,NA,5,25.69,0.72,35.68,0.63
Reference,Epacris,Epacris coriacea,NA,2,1,3,1,4,40.45,33.04,20.79,2.91,4.27,1.22,0.63,1.47,NA,NA,NA,5,26.14,1,26.14,0.65
Reference,Epacris,Epacris coriacea,NA,2,1,3,1,4,39.86,28.97,19.54,2.82,3.58,1.38,0.67,1.27,NA,NA,NA,5,23.65,0.96,24.64,0.59
Reference,Epacris,Epacris coriacea,NA,2,1,3,1,4,38.41,34.24,19.42,2.56,4.01,1.12,0.57,1.57,NA,NA,NA,5,25.5,0.76,33.55,0.66
Reference,Epacris,Epacris coriacea,NA,2,1,3,1,4,39.76,32.04,20.26,2.63,3.39,1.24,0.63,1.29,NA,NA,NA,5,17.74,1.34,13.24,0.45
Reference,Epacris,Epacris coriacea,NA,2,1,3,1,4,40.02,33.18,20.01,1.94,3.46,1.21,0.6,1.78,NA,NA,NA,5,19.22,0.84,22.88,0.48
Reference,Epacris,Epacris coriacea,NA,2,1,3,1,4,41.66,32.69,21.24,3.33,2.78,1.27,0.65,0.83,NA,NA,NA,5,24.68,0.7,35.26,0.59
Reference,Epacris,Epacris coriacea,NA,2,1,3,1,4,41.29,33.52,20.64,2.96,2.86,1.23,0.62,0.97,NA,NA,NA,5,23.34,0.66,35.36,0.57
Reference,Epacris,Epacris coriacea,NA,2,1,3,1,4,39.64,30.73,19.39,2.15,2.76,1.29,0.63,1.28,NA,NA,NA,5,19.57,0.66,29.65,0.49
Reference,Epacris,Epacris coriacea,NA,2,1,3,1,4,40.96,29.65,22.33,2.24,3.41,1.38,0.75,1.52,NA,NA,NA,5,24.49,0.98,24.99,0.6
Reference,Epacris,Epacris coriacea,NA,2,1,3,1,4,40.88,34.91,22.45,2.68,3.38,1.17,0.64,1.26,NA,NA,NA,5,26.69,0.73,36.56,0.65
Reference,Epacris,Epacris coriacea,NA,2,1,3,1,4,39.9,32.75,20.1,3.59,3.57,1.22,0.61,0.99,NA,NA,NA,5,22.29,0.75,29.72,0.56
Reference,Epacris,Epacris coriacea,NA,2,1,3,1,4,41.47,34,20.95,3.75,3.02,1.22,0.62,0.81,NA,NA,NA,5,22.63,0.7,32.33,0.55
Reference,Epacris,Epacris coriacea,NA,2,1,3,1,4,43.88,34.73,22.31,2.71,3.23,1.26,0.64,1.19,NA,NA,NA,5,26.78,0.64,41.84,0.61
Reference,Epacris,Epacris coriacea,NA,2,1,3,1,4,43.62,33.47,21.68,2.56,3.11,1.3,0.65,1.21,NA,NA,NA,5,25.69,0.84,30.58,0.59
Reference,Epacris,Epacris coriacea,NA,2,1,3,1,4,42.49,35.35,22.01,2.51,3.66,1.2,0.62,1.46,NA,NA,NA,5,22.44,0.73,30.74,0.53
Reference,Epacris,Epacris gunnii,NA,2,1,3,1,4,34.25,26.14,16.69,1.44,2.58,1.31,0.64,1.79,NA,NA,NA,5,15.84,0.59,26.85,0.46
Reference,Epacris,Epacris gunnii,NA,2,1,3,1,4,30.2,25.15,16.39,1.75,2.78,1.2,0.65,1.59,NA,NA,NA,5,16.24,1.32,12.3,0.54
Reference,Epacris,Epacris gunnii,NA,2,1,3,1,4,32.6,27.83,16.03,1.64,2.54,1.17,0.58,1.55,NA,NA,NA,5,17.09,0.6,28.48,0.52
Reference,Epacris,Epacris gunnii,NA,2,1,3,1,4,33.47,28.38,16.85,2.32,2.99,1.18,0.59,1.29,NA,NA,NA,5,18.93,0.61,31.03,0.57
Reference,Epacris,Epacris gunnii,NA,2,1,3,1,4,34.51,28.2,18.3,1.91,2.34,1.22,0.65,1.23,NA,NA,NA,5,17.63,0.63,27.98,0.51
Reference,Epacris,Epacris gunnii,NA,2,1,3,1,4,34.57,28.44,16.09,1.2,2.7,1.22,0.57,2.25,NA,NA,NA,5,17.34,0.69,25.13,0.5
Reference,Epacris,Epacris gunnii,NA,2,1,3,1,4,32.64,26.75,17.1,2.31,2.79,1.22,0.64,1.21,NA,NA,NA,5,18.43,0.75,24.57,0.56
Reference,Epacris,Epacris gunnii,NA,2,1,3,1,4,33.4,28.2,16.17,1.62,2.42,1.18,0.57,1.49,NA,NA,NA,5,18.11,1.2,15.09,0.54
Reference,Epacris,Epacris gunnii,NA,2,1,3,1,4,34.15,26.43,17.75,1.37,2.96,1.29,0.67,2.16,NA,NA,NA,5,19.93,0.64,31.14,0.58
Reference,Epacris,Epacris gunnii,NA,2,1,3,1,4,32.37,25.95,16.71,1.67,3.05,1.25,0.64,1.83,NA,NA,NA,5,18.86,0.6,31.43,0.58
Reference,Epacris,Epacris gunnii,NA,2,1,3,1,4,34.41,30,16.52,1.59,3.71,1.15,0.55,2.33,NA,NA,NA,5,18.95,0.66,28.71,0.55
Reference,Epacris,Epacris gunnii,NA,2,1,3,1,4,34.44,29.18,17.07,1.96,2.43,1.18,0.58,1.24,NA,NA,NA,5,17.72,1.27,13.95,0.51
Reference,Epacris,Epacris gunnii,NA,2,1,3,1,4,34.7,27.94,17.91,2.8,2.96,1.24,0.64,1.06,NA,NA,NA,5,19.67,1,19.67,0.57
Reference,Epacris,Epacris gunnii,NA,2,1,3,1,4,34.57,28.77,17.29,2.54,2.67,1.2,0.6,1.05,NA,NA,NA,5,18.06,0.6,30.1,0.52
Reference,Epacris,Epacris gunnii,NA,2,1,3,1,4,38.89,28.93,19.93,2.85,3.08,1.34,0.69,1.08,NA,NA,NA,5,19.16,1.02,18.78,0.49
Reference,Epacris,Epacris gunnii,NA,2,1,3,1,4,36.44,25.92,19.15,1.74,2.46,1.41,0.74,1.41,NA,NA,NA,5,20.68,1.67,12.38,0.57
Reference,Epacris,Epacris gunnii,NA,2,1,3,1,4,33.65,22.67,16.29,2.14,2.88,1.48,0.72,1.35,NA,NA,NA,5,18.79,0.85,22.11,0.56
Reference,Epacris,Epacris gunnii,NA,2,1,3,1,4,35.64,28.52,18.07,1.87,2.57,1.25,0.63,1.37,NA,NA,NA,5,21.5,0.64,33.59,0.6
Reference,Epacris,Epacris gunnii,NA,2,1,3,1,4,35.37,29.78,18.13,1.76,2.59,1.19,0.61,1.47,NA,NA,NA,5,21.04,0.81,25.98,0.59
Reference,Epacris,Epacris gunnii,NA,2,1,3,1,4,37.59,28.58,18.03,1.75,2.97,1.32,0.63,1.7,NA,NA,NA,5,19.16,0.74,25.89,0.51
Reference,Epacris,Epacris gunnii,NA,2,1,3,1,4,42.2,33.27,22.48,2.25,3.76,1.27,0.68,1.67,NA,NA,NA,5,23,0.56,41.07,0.55
Reference,Epacris,Epacris gunnii,NA,2,1,3,1,4,41.8,39.98,18.13,3.53,3.88,1.05,0.45,1.1,NA,NA,NA,5,21.57,1.19,18.13,0.52
Reference,Epacris,Epacris gunnii,NA,2,1,3,1,4,43.04,32.5,22.18,2.47,3.05,1.32,0.68,1.23,NA,NA,NA,5,19.89,0.8,24.86,0.46
Reference,Epacris,Epacris gunnii,NA,2,1,3,1,4,40.39,34.61,23.67,3.62,3.58,1.17,0.68,0.99,NA,NA,NA,5,23.28,0.98,23.76,0.58
Reference,Epacris,Epacris gunnii,NA,2,1,3,1,4,41.88,33.32,22.64,2.9,3.86,1.26,0.68,1.33,NA,NA,NA,5,25.35,0.94,26.97,0.61
Reference,Epacris,Epacris gunnii,NA,2,1,3,1,4,40.35,34.42,22,4.35,3.26,1.17,0.64,0.75,NA,NA,NA,5,23.15,0.74,31.28,0.57
Reference,Epacris,Epacris gunnii,NA,2,1,3,1,4,42.28,33.89,23.55,2.4,3.77,1.25,0.69,1.57,NA,NA,NA,5,25.6,0.72,35.56,0.61
Reference,Epacris,Epacris gunnii,NA,2,1,3,1,4,42.09,33.19,22.4,2.44,3.84,1.27,0.67,1.57,NA,NA,NA,5,22.75,0.73,31.16,0.54
Reference,Epacris,Epacris gunnii,NA,2,1,3,1,4,42.76,35.55,24.4,3,4.18,1.2,0.69,1.39,NA,NA,NA,5,23.36,1.33,17.56,0.55
Reference,Epacris,Epacris gunnii,NA,2,1,3,1,4,39.99,30.47,21.81,2.33,3.62,1.31,0.72,1.55,NA,NA,NA,5,21.83,0.79,27.63,0.55
Reference,Epacris,Epacris impressa,NA,2,1,3,1,6,65.7,48.59,35.19,2.56,2.84,1.35,0.72,1.11,NA,NA,NA,5,33.31,1.45,22.97,0.51
Reference,Epacris,Epacris impressa,NA,2,1,3,1,6,69.63,51.74,34.88,2.26,2.99,1.35,0.67,1.32,NA,NA,NA,5,38.51,0.67,57.48,0.55
Reference,Epacris,Epacris impressa,NA,2,1,3,2,1,65.54,47.74,35.47,2.73,2.93,1.37,0.74,1.07,NA,NA,NA,5,34.24,0.67,51.1,0.52
Reference,Epacris,Epacris impressa,NA,2,1,3,1,1,68.15,51.16,35.65,2.94,2.7,1.33,0.7,0.92,NA,NA,NA,5,35.3,0.82,43.05,0.52
Reference,Epacris,Epacris impressa,NA,2,1,3,1,1,64.3,48.9,31.66,3.19,2.98,1.31,0.65,0.93,NA,NA,NA,5,34.74,0.78,44.54,0.54
Reference,Epacris,Epacris impressa,NA,2,1,3,1,1,68.25,46.94,34.35,2.95,3.31,1.45,0.73,1.12,NA,NA,NA,5,37.54,0.69,54.41,0.55
Reference,Epacris,Epacris impressa,NA,2,1,3,1,1,68.29,50.43,37.18,2.98,3.67,1.35,0.74,1.23,NA,NA,NA,5,37.5,1.02,36.76,0.55
Reference,Epacris,Epacris impressa,NA,2,1,3,1,1,64.62,51.89,35.58,2.71,3.18,1.25,0.69,1.17,NA,NA,NA,5,42.47,1,42.47,0.66
Reference,Epacris,Epacris impressa,NA,2,1,3,1,1,70.19,48.15,36.3,2.71,2.97,1.46,0.75,1.1,NA,NA,NA,5,38.51,0.9,42.79,0.55
Reference,Epacris,Epacris impressa,NA,2,1,3,1,1,72.02,55.55,38.65,3.1,3.49,1.3,0.7,1.13,NA,NA,NA,5,40.68,0.73,55.73,0.56
Reference,Epacris,Epacris impressa,NA,2,1,3,1,1,67.62,49.37,34.73,2.85,3.09,1.37,0.7,1.08,NA,NA,NA,5,34.92,1.27,27.5,0.52
Reference,Epacris,Epacris impressa,NA,2,1,3,1,1,71.61,50.64,36.41,2.72,3.55,1.41,0.72,1.31,NA,NA,NA,5,35.84,0.86,41.67,0.5
Reference,Epacris,Epacris impressa,NA,2,1,3,1,1,66.55,50.12,34.33,2.32,2.93,1.33,0.68,1.26,NA,NA,NA,5,30.82,0.93,33.14,0.46
Reference,Epacris,Epacris impressa,NA,2,1,3,1,1,68.35,52.08,33.59,3.01,3.65,1.31,0.64,1.21,NA,NA,NA,5,38.66,0.67,57.7,0.57
Reference,Epacris,Epacris impressa,NA,2,1,3,1,1,68.24,51.43,39.23,3.06,3.06,1.33,0.76,1,NA,NA,NA,5,37.51,1.5,25.01,0.55
Reference,Epacris,Epacris impressa,NA,2,1,3,2,1,72.61,51.17,36.32,3.56,3.38,1.42,0.71,0.95,NA,NA,NA,5,36.3,1.08,33.61,0.5
Reference,Epacris,Epacris impressa,NA,2,1,3,1,1,71.39,43.84,36.57,3.53,4.55,1.63,0.83,1.29,NA,NA,NA,5,38.33,1.87,20.5,0.54
Reference,Epacris,Epacris impressa,NA,2,1,3,1,1,66.38,49.23,34.74,2.78,3.39,1.35,0.71,1.22,NA,NA,NA,5,35.93,1.06,33.9,0.54
Reference,Epacris,Epacris impressa,NA,2,1,3,1,1,73.5,56.6,36.9,3.34,3.44,1.3,0.65,1.03,NA,NA,NA,5,40.97,0.86,47.64,0.56
Reference,Epacris,Epacris impressa,NA,2,1,3,1,1,71.23,49.87,35.2,3.41,3.06,1.43,0.71,0.9,NA,NA,NA,5,38.15,0.91,41.92,0.54
Reference,Epacris,Epacris impressa,NA,2,1,3,1,1,68.41,48.32,36.71,2.61,3.07,1.42,0.76,1.18,NA,NA,NA,5,32.28,1.63,19.8,0.47
Reference,Epacris,Epacris impressa,NA,2,1,3,1,1,59.17,46.66,30.46,2.73,3.18,1.27,0.65,1.16,NA,NA,NA,5,29.93,0.89,33.63,0.51
Reference,Epacris,Epacris impressa,NA,2,1,3,1,1,61.32,44.49,31.98,3.09,2.93,1.38,0.72,0.95,NA,NA,NA,5,31.86,0.87,36.62,0.52
Reference,Epacris,Epacris impressa,NA,2,1,3,1,1,58.39,44.45,32.69,4.1,3.49,1.31,0.74,0.85,NA,NA,NA,5,25.76,0.8,32.2,0.44
Reference,Epacris,Epacris impressa,NA,2,1,3,1,1,56.98,41.53,28.96,3.04,2.93,1.37,0.7,0.96,NA,NA,NA,5,27.89,0.64,43.58,0.49
Reference,Epacris,Epacris impressa,NA,2,1,3,1,1,62.84,44.84,32.76,2.89,3.17,1.4,0.73,1.1,NA,NA,NA,5,29.43,1.3,22.64,0.47
Reference,Epacris,Epacris impressa,NA,2,1,3,1,1,64.13,43.42,33.79,2.59,4.56,1.48,0.78,1.76,NA,NA,NA,5,30.53,1.47,20.77,0.48
Reference,Epacris,Epacris impressa,NA,2,1,3,1,1,60.79,42.04,32.86,3.5,2.91,1.45,0.78,0.83,NA,NA,NA,5,27.25,2.47,11.03,0.45
Reference,Epacris,Epacris impressa,NA,2,1,3,1,1,57.84,45.4,28.59,3.51,3.75,1.27,0.63,1.07,NA,NA,NA,5,24.04,2.61,9.21,0.42
Reference,Epacris,Epacris impressa,NA,2,1,3,1,1,64.64,46.75,32.59,2.74,3.01,1.38,0.7,1.1,NA,NA,NA,5,32.8,0.92,35.65,0.51
Reference,Epacris,Epacris impressa,NA,2,1,3,1,1,61.65,42.49,31.03,2.47,2.64,1.45,0.73,1.07,NA,NA,NA,5,26.98,1.47,18.35,0.44
Reference,Epacris,Epacris impressa,NA,2,1,3,1,1,58.28,46.27,30.87,2.75,3.67,1.26,0.67,1.33,NA,NA,NA,5,29.07,1.79,16.24,0.5
Reference,Epacris,Epacris impressa,NA,2,1,3,1,1,63.15,48.5,33.02,3.01,3.01,1.3,0.68,1,NA,NA,NA,5,33.27,1.18,28.19,0.53
Reference,Epacris,Epacris impressa,NA,2,1,3,1,1,59.53,43.67,32.59,2.74,2.91,1.36,0.75,1.06,NA,NA,NA,5,33.86,1.25,27.09,0.57
Reference,Epacris,Epacris impressa,NA,2,1,3,1,1,69.52,42.83,35.1,3.46,3,1.62,0.82,0.87,NA,NA,NA,5,28.85,2.31,12.49,0.41
Reference,Epacris,Epacris longiflora,NA,2,1,3,2,5,70.08,48.24,36.03,3.9,2.81,1.45,0.75,0.72,NA,NA,NA,5,31.73,0.81,39.17,0.45
Reference,Epacris,Epacris longiflora,NA,2,1,3,2,5,59.22,37.92,30.52,3,2.41,1.56,0.8,0.8,NA,NA,NA,5,30.95,1.17,26.45,0.52
Reference,Epacris,Epacris longiflora,NA,2,1,3,2,5,46.44,42.95,32.73,3.46,2.27,1.08,0.76,0.66,NA,NA,NA,5,35.68,1.06,33.66,0.77
Reference,Epacris,Epacris longiflora,NA,2,1,3,2,5,58.84,39.24,31.97,3.17,2.21,1.5,0.81,0.7,NA,NA,NA,5,28.06,1.08,25.98,0.48
Reference,Epacris,Epacris longiflora,NA,2,1,3,2,5,59.3,36.43,NA,NA,2.19,1.63,NA,NA,NA,NA,NA,5,30.1,1.19,25.29,0.51
Reference,Epacris,Epacris longiflora,NA,2,1,3,2,5,61.62,39.84,NA,NA,3.1,1.55,NA,NA,NA,NA,NA,5,33.78,1.95,17.32,0.55
Reference,Epacris,Epacris longiflora,NA,2,1,3,2,5,64.25,39.32,NA,NA,2.41,1.63,NA,NA,NA,NA,NA,5,26.35,1.08,24.4,0.41
Reference,Epacris,Epacris longiflora,NA,2,1,3,2,5,64.56,39.08,NA,NA,2.87,1.65,NA,NA,NA,NA,NA,5,30.95,0.97,31.91,0.48
Reference,Epacris,Epacris longiflora,NA,2,1,3,2,5,64.87,41.41,32.75,2.1,2.38,1.57,0.79,1.13,NA,NA,NA,5,37.21,1.41,26.39,0.57
Reference,Epacris,Epacris longiflora,NA,2,1,3,2,5,65.03,45.25,34.21,4.51,3.05,1.44,0.76,0.68,NA,NA,NA,5,39.43,0.97,40.65,0.61
Reference,Epacris,Epacris longiflora,NA,2,1,3,2,5,68.48,42.76,33.4,3.32,2.63,1.6,0.78,0.79,NA,NA,NA,5,34.37,1.21,28.4,0.5
Reference,Epacris,Epacris longiflora,NA,2,1,3,2,5,72.27,47.54,37.48,2.97,2.25,1.52,0.79,0.76,NA,NA,NA,5,42.41,0.87,48.75,0.59
Reference,Epacris,Epacris longiflora,NA,2,1,3,2,5,64.97,41.94,33.86,2.84,3.24,1.55,0.81,1.14,NA,NA,NA,5,28.16,1.14,24.7,0.43
Reference,Epacris,Epacris longiflora,NA,2,1,3,2,5,66.11,42.56,33.16,3.41,3.63,1.55,0.78,1.06,NA,NA,NA,5,29.49,0.87,33.9,0.45
Reference,Epacris,Epacris longiflora,NA,2,1,3,2,5,63.51,40.51,30.17,2.21,3.21,1.57,0.74,1.45,NA,NA,NA,5,NA,NA,NA,NA
Reference,Epacris,Epacris longiflora,NA,2,1,3,2,5,70.57,44.4,NA,NA,3.02,1.59,NA,NA,NA,NA,NA,5,35.9,1.21,29.67,0.51
Reference,Epacris,Epacris longiflora,NA,2,1,3,2,5,61.14,41.03,34.52,3.6,2.41,1.49,0.84,0.67,NA,NA,NA,5,25.81,1,25.81,0.42
Reference,Epacris,Epacris longiflora,NA,2,1,3,2,5,69.17,37.92,NA,NA,2.92,1.82,NA,NA,NA,NA,NA,5,NA,NA,NA,NA
Reference,Epacris,Epacris longiflora,NA,2,1,3,2,5,66.54,49,34.25,3.1,2.78,1.36,0.7,0.9,NA,NA,NA,5,31.7,1.1,28.82,0.48
Reference,Epacris,Epacris longiflora,NA,2,1,3,2,5,65.87,43.06,34.06,3.29,3.05,1.53,0.79,0.93,NA,NA,NA,5,30.52,0.89,34.29,0.46
Reference,Epacris,Epacris longiflora,NA,2,1,3,2,5,63.84,43.71,33.17,2.27,3.44,1.46,0.76,1.52,NA,NA,NA,5,27.75,0.97,28.61,0.43
Reference,Epacris,Epacris longiflora,NA,2,1,3,2,5,62.52,43.57,31.3,NA,2.63,1.43,0.72,NA,NA,NA,NA,5,NA,NA,NA,NA
Reference,Epacris,Epacris longiflora,NA,2,1,3,2,5,66.86,45.63,33.98,2.84,2,1.47,0.74,0.7,NA,NA,NA,5,32.52,1.24,26.23,0.49
Reference,Epacris,Epacris longiflora,NA,2,1,3,2,5,61.97,38.68,31.79,2.51,3.05,1.6,0.82,1.22,NA,NA,NA,5,36.19,0.9,40.21,0.58
Reference,Epacris,Epacris longiflora,NA,2,1,3,2,1,86.57,59.27,47.74,5.61,3.23,1.46,0.81,0.58,NA,NA,NA,5,43.3,3.99,10.85,0.5
Reference,Epacris,Epacris longiflora,NA,2,1,3,2,1,82.49,55.46,39.5,5.18,2.96,1.49,0.71,0.57,NA,NA,NA,5,43.61,5.26,8.29,0.53
Reference,Epacris,Epacris longiflora,NA,2,1,3,2,1,86.02,62.2,44.69,2.41,3.86,1.38,0.72,1.6,NA,NA,NA,5,47.6,3.95,12.05,0.55
Reference,Epacris,Epacris longiflora,NA,2,1,3,2,1,72.98,53.78,43.19,3.62,3.31,1.36,0.8,0.91,NA,NA,NA,5,45.77,2.94,15.57,0.63
Reference,Epacris,Epacris longiflora,NA,2,1,3,2,1,81.32,56.7,43.63,5.86,3.18,1.43,0.77,0.54,NA,NA,NA,5,45.03,2.96,15.21,0.55
Reference,Epacris,Epacris longiflora,NA,2,1,3,2,1,85.76,57.05,46.27,3.86,2.66,1.5,0.81,0.69,NA,NA,NA,5,51.21,1.57,32.62,0.6
Reference,Epacris,Epacris longiflora,NA,2,1,3,2,1,83.29,57.42,46.97,4.21,3.96,1.45,0.82,0.94,NA,NA,NA,5,45.17,1.2,37.64,0.54
Reference,Epacris,Epacris longiflora,NA,2,1,3,2,1,81.74,51.62,43.53,4,2.97,1.58,0.84,0.74,NA,NA,NA,5,40.99,1.8,22.77,0.5
Reference,Epacris,Epacris longiflora,NA,2,1,3,2,1,92,58.01,47.13,5.8,3.02,1.59,0.81,0.52,NA,NA,NA,5,44.92,4.06,11.06,0.49
Reference,Epacris,Epacris longiflora,NA,2,1,3,2,1,75.71,49.88,35.49,4.74,3.34,1.52,0.71,0.7,NA,NA,NA,5,32.95,1.66,19.85,0.44
Reference,Epacris,Epacris longiflora,NA,2,1,3,2,1,85.04,55.16,43.3,5.74,4.2,1.54,0.78,0.73,NA,NA,NA,5,44.32,3.41,13,0.52
Reference,Epacris,Epacris longiflora,NA,2,1,3,2,1,79.26,51.45,42.69,3.32,2.76,1.54,0.83,0.83,NA,NA,NA,5,37.34,1.59,23.48,0.47
Reference,Epacris,Epacris longiflora,NA,2,1,3,2,1,91.09,47.06,3.27,2.97,3.27,1.94,0.07,1.1,NA,NA,NA,5,45.7,1.46,31.3,0.5
Reference,Epacris,Epacris longiflora,NA,2,1,3,2,1,79.82,60.15,39.7,5.8,5.38,1.33,0.66,0.93,NA,NA,NA,5,42.88,4.61,9.3,0.54
Reference,Epacris,Epacris longiflora,NA,2,1,3,2,1,89.96,62.71,43.36,4.24,4.27,1.43,0.69,1.01,NA,NA,NA,5,46.85,4.34,10.79,0.52
Reference,Epacris,Epacris longiflora,NA,2,1,3,2,1,80.38,54.08,43.96,5.18,3.62,1.49,0.81,0.7,NA,NA,NA,5,42.57,0.97,43.89,0.53
Reference,Epacris,Epacris longiflora,NA,2,1,3,2,1,74.54,52.4,41.02,5.56,2.82,1.42,0.78,0.51,NA,NA,NA,5,43.4,1.37,31.68,0.58
Reference,Epacris,Epacris longiflora,NA,2,1,3,2,1,77.01,50.16,36.06,4.51,4.32,1.54,0.72,0.96,NA,NA,NA,5,43.2,1,43.2,0.56
Reference,Epacris,Epacris longiflora,NA,2,1,3,2,1,81.4,54.19,40.39,4.94,4.29,1.5,0.75,0.87,NA,NA,NA,5,42.42,1.6,26.51,0.52
Reference,Epacris,Epacris longiflora,NA,2,1,3,2,1,74.34,53.77,38.36,5.91,6.07,1.38,0.71,1.03,NA,NA,NA,5,40.22,1.61,24.98,0.54
Reference,Epacris,Epacris longiflora,NA,2,1,3,2,1,78.63,51.27,43.16,2.89,2.96,1.53,0.84,1.02,NA,NA,NA,5,41.9,2.48,16.9,0.53
Reference,Epacris,Epacris longiflora,NA,2,1,3,2,1,79.1,52.91,40.95,3.58,3.62,1.49,0.77,1.01,NA,NA,NA,5,45.01,0.83,54.23,0.57
Reference,Epacris,Epacris longiflora,NA,2,1,3,2,1,71.63,54.9,42.39,4.1,3.21,1.3,0.77,0.78,NA,NA,NA,5,35.88,0.89,40.31,0.5
Reference,Epacris,Epacris longiflora,NA,2,1,3,2,1,70.27,52.14,43.84,2.68,3.77,1.35,0.84,1.41,NA,NA,NA,5,39.33,1.1,35.75,0.56
Reference,Epacris,Epacris longiflora,NA,2,1,3,2,1,70.66,50.93,40.77,3.66,4.1,1.39,0.8,1.12,NA,NA,NA,5,41.44,1.43,28.98,0.59
Reference,Epacris,Epacris longiflora,NA,2,1,3,2,1,66.9,50.94,35.16,4.06,5.07,1.31,0.69,1.25,NA,NA,NA,5,40.99,1.03,39.8,0.61
Reference,Epacris,Epacris microphylla,NA,2,1,3,1,7,30.23,24.33,15.08,1.79,2.39,1.24,0.62,1.34,NA,NA,NA,5,15.11,0.77,19.62,0.5
Reference,Epacris,Epacris microphylla,NA,2,1,3,1,7,32.46,25.83,16.43,2.26,2.49,1.26,0.64,1.1,NA,NA,NA,5,16.17,0.69,23.43,0.5
Reference,Epacris,Epacris microphylla,NA,2,1,3,1,7,32.4,21.29,NA,3.42,2.61,1.52,NA,0.76,NA,NA,NA,5,21.97,0.66,33.29,0.68
Reference,Epacris,Epacris microphylla,NA,2,1,3,1,7,32.48,29.07,19.41,1.89,2.55,1.12,0.67,1.35,NA,NA,NA,5,NA,NA,NA,NA
Reference,Epacris,Epacris microphylla,NA,2,1,3,1,7,37.58,25.6,NA,3.31,3.48,1.47,NA,1.05,NA,NA,NA,5,23.65,0.99,23.89,0.63
Reference,Epacris,Epacris microphylla,NA,2,1,3,1,7,47.32,31.65,NA,3.48,3.76,1.5,NA,1.08,NA,NA,NA,5,25.35,0.64,39.61,0.54
Reference,Epacris,Epacris microphylla,NA,2,1,3,1,7,47.66,31.6,NA,NA,2.33,1.51,NA,NA,NA,NA,NA,5,25.56,0.98,26.08,0.54
Reference,Epacris,Epacris microphylla,NA,2,1,3,1,7,48.93,36.05,NA,3.73,3.96,1.36,NA,1.06,NA,NA,NA,5,25.26,1.02,24.76,0.52
Reference,Epacris,Epacris microphylla,NA,2,1,3,1,7,40.53,26.32,NA,3.14,3.07,1.54,NA,0.98,NA,NA,NA,5,21.18,0.84,25.21,0.52
Reference,Epacris,Epacris microphylla,NA,2,1,3,1,7,37.82,29.58,19.37,2.77,2.56,1.28,0.65,0.92,NA,NA,NA,5,20.11,0.62,32.44,0.53
Reference,Epacris,Epacris microphylla,NA,2,1,3,1,7,38.03,28.09,NA,3.04,3.75,1.35,NA,1.23,NA,NA,NA,5,21.86,0.77,28.39,0.57
Reference,Epacris,Epacris microphylla,NA,2,1,3,1,7,40.51,30.41,17.84,3.19,3.06,1.33,0.59,0.96,NA,NA,NA,5,NA,NA,NA,NA
Reference,Epacris,Epacris microphylla,NA,2,1,3,1,7,38.48,24.22,NA,3.15,2.95,1.59,NA,0.94,NA,NA,NA,5,21.4,0.77,27.79,0.56
Reference,Epacris,Epacris microphylla,NA,2,1,3,1,7,38.67,30.75,21.73,2.81,2.92,1.26,0.71,1.04,NA,NA,NA,5,21.52,1.31,16.43,0.56
Reference,Epacris,Epacris microphylla,NA,2,1,3,1,7,37.05,26.09,NA,2.28,2.73,1.42,NA,1.2,NA,NA,NA,5,18.71,0.65,28.78,0.5
Reference,Epacris,Epacris microphylla,NA,2,1,3,1,7,37.96,30.62,20.8,4.9,3.15,1.24,0.68,0.64,NA,NA,NA,5,25.57,1.77,14.45,0.67
Reference,Epacris,Epacris microphylla,NA,2,1,3,1,7,34.03,26.84,17.02,3.45,4.03,1.27,0.63,1.17,NA,NA,NA,5,22.16,0.88,25.18,0.65
Reference,Epacris,Epacris microphylla,NA,2,1,3,1,7,36.54,29.61,18.03,2.77,3.13,1.23,0.61,1.13,NA,NA,NA,5,NA,0.79,NA,NA
Reference,Epacris,Epacris microphylla,NA,2,1,3,1,7,34.32,28.02,15.87,1.68,2.15,1.22,0.57,1.28,NA,NA,NA,5,NA,0.62,NA,NA
Reference,Epacris,Epacris microphylla,NA,2,1,3,1,7,35.05,25.45,NA,2.71,2.32,1.38,NA,0.86,NA,NA,NA,5,24.31,0.58,41.91,0.69
Reference,Epacris,Epacris microphylla,NA,2,1,3,1,7,35.35,26.77,NA,3.31,2.78,1.32,NA,0.84,NA,NA,NA,5,19.96,0.69,28.93,0.56
Reference,Epacris,Epacris microphylla,NA,2,1,3,1,7,33.28,26.75,16.68,3.05,2.98,1.24,0.62,0.98,NA,NA,NA,5,18.82,0.66,28.52,0.57
Reference,Epacris,Epacris microphylla,NA,2,1,3,1,7,34.02,25.4,17,3.19,2.27,1.34,0.67,0.71,NA,NA,NA,5,20.9,0.85,24.59,0.61
Reference,Epacris,Epacris microphylla,NA,2,1,3,1,7,35.15,24.3,NA,2.55,3.23,1.45,NA,1.27,NA,NA,NA,5,21.93,0.65,33.74,0.62
Reference,Epacris,Epacris microphylla,NA,2,1,3,1,7,30.75,22.12,18.65,2.45,2.2,1.39,0.84,0.9,NA,NA,NA,5,10.53,0.5,21.06,0.34
Reference,Epacris,Epacris microphylla,NA,2,1,3,1,7,29.93,24.22,15.14,2.33,3.12,1.24,0.63,1.34,NA,NA,NA,5,15.48,0.64,24.19,0.52
Reference,Epacris,Epacris microphylla,NA,2,1,3,1,7,29.55,24.94,15.75,2.31,2.82,1.18,0.63,1.22,NA,NA,NA,5,16.21,0.94,17.24,0.55
Reference,Epacris,Epacris microphylla,NA,2,1,3,1,7,29.1,22.93,14.79,1.97,1.5,1.27,0.65,0.76,NA,NA,NA,5,11.7,0.71,16.48,0.4
Reference,Epacris,Epacris microphylla,NA,2,1,3,1,7,32.6,24.93,17.46,3.18,2.38,1.31,0.7,0.75,NA,NA,NA,5,17.17,0.73,23.52,0.53
Reference,Epacris,Epacris microphylla,NA,2,1,3,1,7,26.64,22.53,14.14,2.47,2.53,1.18,0.63,1.02,NA,NA,NA,5,13.73,0.69,19.9,0.52
Reference,Epacris,Epacris microphylla,NA,2,1,3,1,7,26.92,22.46,14.76,2.09,2.78,1.2,0.66,1.33,NA,NA,NA,5,13.85,0.74,18.72,0.51
Reference,Epacris,Epacris microphylla,NA,2,1,3,1,7,29.1,24.99,14.86,2.67,2.63,1.16,0.59,0.99,NA,NA,NA,5,13.71,0.64,21.42,0.47
Reference,Epacris,Epacris muelleri,NA,2,1,3,1,2,45.42,35.82,24.04,2.89,3.08,1.27,0.67,1.07,NA,NA,NA,5,NA,NA,NA,NA
Reference,Epacris,Epacris muelleri,NA,2,1,3,1,2,44.27,34.97,23.23,2.57,3.03,1.27,0.66,1.18,NA,NA,NA,5,NA,NA,NA,NA
Reference,Epacris,Epacris muelleri,NA,2,1,3,1,2,48.61,36.62,25.24,2.66,2.68,1.33,0.69,1.01,NA,NA,NA,5,NA,NA,NA,NA
Reference,Epacris,Epacris muelleri,NA,2,1,3,1,2,44.83,36.51,24.55,3.34,2.9,1.23,0.67,0.87,NA,NA,NA,5,NA,NA,NA,NA
Reference,Epacris,Epacris muelleri,NA,2,1,3,1,2,48.96,36.87,23.37,4.46,2.99,1.33,0.63,0.67,NA,NA,NA,5,NA,NA,NA,NA
Reference,Epacris,Epacris muelleri,NA,2,1,3,1,2,42.05,36.71,22.7,3.01,3.54,1.15,0.62,1.18,NA,NA,NA,5,NA,NA,NA,NA
Reference,Epacris,Epacris muelleri,NA,2,1,3,1,2,41.29,32.1,21.94,2.97,2.98,1.29,0.68,1,NA,NA,NA,5,NA,NA,NA,NA
Reference,Epacris,Epacris muelleri,NA,2,1,3,1,2,41.05,35.41,22.74,3.35,3.31,1.16,0.64,0.99,NA,NA,NA,5,NA,NA,NA,NA
Reference,Epacris,Epacris muelleri,NA,2,1,3,1,2,42.83,34.89,22.98,2.32,2.54,1.23,0.66,1.09,NA,NA,NA,5,NA,NA,NA,NA
Reference,Epacris,Epacris muelleri,NA,2,1,3,1,2,46.31,34.96,22.85,3.85,2.96,1.32,0.65,0.77,NA,NA,NA,5,NA,NA,NA,NA
Reference,Epacris,Epacris muelleri,NA,2,1,3,1,2,49.35,38.29,26.37,3.29,4.03,1.29,0.69,1.22,NA,NA,NA,5,NA,NA,NA,NA
Reference,Epacris,Epacris muelleri,NA,2,1,3,1,2,50.38,39.64,26.06,4.99,3.45,1.27,0.66,0.69,NA,NA,NA,5,NA,NA,NA,NA
Reference,Epacris,Epacris muelleri,NA,2,1,3,1,2,46.35,36.3,21.65,4.02,4.01,1.28,0.6,1,NA,NA,NA,5,NA,NA,NA,NA
Reference,Epacris,Epacris muelleri,NA,2,1,3,1,2,48.92,37.76,25.49,3.89,3.51,1.3,0.68,0.9,NA,NA,NA,5,NA,NA,NA,NA
Reference,Epacris,Epacris muelleri,NA,2,1,3,1,2,54.45,41.45,26.97,2.66,3.22,1.31,0.65,1.21,NA,NA,NA,5,NA,NA,NA,NA
Reference,Epacris,Epacris muelleri,NA,2,1,3,1,2,55.3,40.35,29.3,3.29,3.38,1.37,0.73,1.03,NA,NA,NA,5,NA,NA,NA,NA
Reference,Epacris,Epacris muelleri,NA,2,1,3,1,2,52.56,39.34,26.64,4.55,3.94,1.34,0.68,0.87,NA,NA,NA,5,NA,NA,NA,NA
Reference,Epacris,Epacris muelleri,NA,2,1,3,1,2,42.35,34.4,19.88,3.39,2.83,1.23,0.58,0.83,NA,NA,NA,5,NA,NA,NA,NA
Reference,Epacris,Epacris muelleri,NA,2,1,3,1,2,53.19,34.17,26.7,3.46,3.31,1.56,0.78,0.96,NA,NA,NA,5,NA,NA,NA,NA
Reference,Epacris,Epacris muelleri,NA,2,1,3,1,2,49.91,37.84,28.1,3.32,3.37,1.32,0.74,1.02,NA,NA,NA,5,NA,NA,NA,NA
Reference,Epacris,Epacris muelleri,NA,2,1,3,1,2,53.63,39.71,26.64,3.44,2.27,1.35,0.67,0.66,NA,NA,NA,5,NA,NA,NA,NA
Reference,Epacris,Epacris muelleri,NA,2,1,3,1,2,55.98,40.71,26.71,3.54,3.71,1.38,0.66,1.05,NA,NA,NA,5,27.58,2.46,11.21,0.49
Reference,Epacris,Epacris muelleri,NA,2,1,3,1,2,56.17,44.3,27.28,3.41,3.84,1.27,0.62,1.13,NA,NA,NA,5,NA,NA,NA,NA
Reference,Epacris,Epacris muelleri,NA,2,1,3,1,2,57.19,45.42,28.42,2.93,3.28,1.26,0.63,1.12,NA,NA,NA,5,37.5,3.6,10.42,0.66
Reference,Epacris,Epacris muelleri,NA,2,1,3,1,2,50.42,41.01,26.52,2.76,3.2,1.23,0.65,1.16,NA,NA,NA,5,NA,NA,NA,NA
Reference,Epacris,Epacris muelleri,NA,2,1,3,1,2,52.51,40.7,27.68,3.29,4.49,1.29,0.68,1.36,NA,NA,NA,5,NA,NA,NA,NA
Reference,Epacris,Epacris muelleri,NA,2,1,3,1,2,57.56,36.33,28.3,4.08,3.73,1.58,0.78,0.91,NA,NA,NA,5,35.12,2.37,14.82,0.61
Reference,Epacris,Epacris muelleri,NA,2,1,3,1,2,54.57,43.87,30.17,3.8,3.55,1.24,0.69,0.93,NA,NA,NA,5,NA,NA,NA,NA
Reference,Epacris,Epacris muelleri,NA,2,1,3,1,2,47.04,36.86,24.3,4.49,4.5,1.28,0.66,1,NA,NA,NA,5,21.75,1.97,11.04,0.46
Reference,Epacris,Epacris muelleri,NA,2,1,3,1,2,54.86,41.14,28.6,3.21,3.57,1.33,0.7,1.11,NA,NA,NA,5,NA,NA,NA,NA
Reference,Epacris,Epacris obtusifolia,NA,2,1,3,1,2,63.49,38.57,31.75,2.06,2.7,1.65,0.82,1.31,NA,NA,NA,5,25.87,1.11,23.31,0.41
Reference,Epacris,Epacris obtusifolia,NA,2,1,3,1,2,59.68,50.79,28.41,3.65,2.06,1.18,0.56,0.56,NA,NA,NA,5,NA,1.11,NA,NA
Reference,Epacris,Epacris obtusifolia,NA,2,1,3,1,2,60.63,45.08,26.83,2.22,2.06,1.34,0.6,0.93,NA,NA,NA,5,NA,NA,NA,NA
Reference,Epacris,Epacris obtusifolia,NA,2,1,3,1,2,54.6,40.16,27.46,1.75,3.33,1.36,0.68,1.9,NA,NA,NA,5,31.9,3.81,8.37,0.58
Reference,Epacris,Epacris obtusifolia,NA,2,1,3,1,2,57.62,40.63,34.29,2.38,1.75,1.42,0.84,0.74,NA,NA,NA,5,28.25,NA,NA,0.49
Reference,Epacris,Epacris obtusifolia,NA,2,1,3,1,2,52.54,41.59,27.14,2.22,1.9,1.26,0.65,0.86,NA,NA,NA,5,15.56,2.7,5.76,0.3
Reference,Epacris,Epacris obtusifolia,NA,2,1,3,1,2,55.71,46.67,29.21,2.06,2.38,1.19,0.63,1.16,NA,NA,NA,5,NA,1.11,NA,NA
Reference,Epacris,Epacris obtusifolia,NA,2,1,3,1,2,59.21,50,30.32,2.38,2.38,1.18,0.61,1,NA,NA,NA,5,NA,NA,NA,NA
Reference,Epacris,Epacris obtusifolia,NA,2,1,3,1,2,57.3,47.94,28.73,1.27,NA,1.2,0.6,NA,NA,NA,NA,5,NA,NA,NA,NA
Reference,Epacris,Epacris obtusifolia,NA,2,1,3,1,2,56.67,37.46,26.51,NA,1.11,1.51,0.71,NA,NA,NA,NA,5,27.3,1.9,14.37,0.48
Reference,Epacris,Epacris obtusifolia,NA,2,1,3,1,2,56.67,36.98,30.79,1.9,1.9,1.53,0.83,1,NA,NA,NA,5,30,0.95,31.58,0.53
Reference,Epacris,Epacris obtusifolia,NA,2,1,3,1,2,59.05,43.33,34.76,1.9,2.38,1.36,0.8,1.25,NA,NA,NA,5,NA,NA,NA,NA
Reference,Epacris,Epacris obtusifolia,NA,2,1,3,1,2,73.97,60.95,36.03,2.22,1.75,1.21,0.59,0.79,NA,NA,NA,5,NA,NA,NA,NA
Reference,Epacris,Epacris obtusifolia,NA,2,1,3,1,2,76.98,45.56,36.35,1.9,1.75,1.69,0.8,0.92,NA,NA,NA,5,37.78,1.75,21.59,0.49
Reference,Epacris,Epacris obtusifolia,NA,2,1,3,1,2,74.6,59.05,36.67,4.29,2.06,1.26,0.62,0.48,NA,NA,NA,5,NA,NA,NA,NA
Reference,Epacris,Epacris obtusifolia,NA,2,1,3,1,2,73.81,60,34.92,3.02,2.06,1.23,0.58,0.68,NA,NA,NA,5,NA,NA,NA,NA
Reference,Epacris,Epacris obtusifolia,NA,2,1,3,1,2,67.62,55.71,32.7,2.54,1.75,1.21,0.59,0.69,NA,NA,NA,5,NA,NA,NA,NA
Reference,Epacris,Epacris obtusifolia,NA,2,1,3,1,2,71.75,53.49,33.33,2.86,1.9,1.34,0.62,0.66,NA,NA,NA,5,NA,NA,NA,NA
Reference,Epacris,Epacris obtusifolia,NA,2,1,3,1,2,83.17,68.89,42.06,0.79,1.11,1.21,0.61,1.41,NA,NA,NA,5,NA,NA,NA,NA
Reference,Epacris,Epacris obtusifolia,NA,2,1,3,1,2,78.73,68.1,42.38,1.59,2.06,1.16,0.62,1.3,NA,NA,NA,5,NA,NA,NA,NA
Reference,Epacris,Epacris obtusifolia,NA,2,1,3,1,2,80.32,53.02,40.79,1.11,2.06,1.51,0.77,1.86,NA,NA,NA,5,41.27,4.44,9.3,0.51
Reference,Epacris,Epacris obtusifolia,NA,2,1,3,1,2,85.24,70.32,43.33,1.75,1.75,1.21,0.62,1,NA,NA,NA,5,NA,NA,NA,NA
Reference,Epacris,Epacris obtusifolia,NA,2,1,3,1,2,87.62,71.27,40.63,0.95,1.59,1.23,0.57,1.67,NA,NA,NA,5,NA,NA,NA,NA
Reference,Epacris,Epacris obtusifolia,NA,2,1,3,1,2,83.97,67.94,40.32,1.43,2.06,1.24,0.59,1.44,NA,NA,NA,5,NA,NA,NA,NA
Reference,Epacris,Epacris obtusifolia,NA,2,1,3,1,2,78.73,65.87,44.92,1.9,1.75,1.2,0.68,0.92,NA,NA,NA,5,NA,NA,NA,NA
Reference,Epacris,Epacris obtusifolia,NA,2,1,3,1,2,82.38,53.02,43.81,NA,1.75,1.55,0.83,NA,NA,NA,NA,5,NA,NA,NA,NA
Reference,Epacris,Epacris obtusifolia,NA,2,1,3,1,2,83.97,53.02,46.51,2.06,2.06,1.58,0.88,1,NA,NA,NA,5,NA,NA,NA,NA
Reference,Epacris,Epacris obtusifolia,NA,2,1,3,1,2,83.49,55.24,45.71,2.06,2.22,1.51,0.83,1.08,NA,NA,NA,5,NA,NA,NA,NA
Reference,Epacris,Epacris obtusifolia,NA,2,1,3,1,2,71.43,44.76,39.52,2.06,1.43,1.6,0.88,0.69,NA,NA,NA,5,NA,NA,NA,NA
Reference,Epacris,Epacris obtusifolia,NA,2,1,3,1,2,82.22,65.08,45.56,1.9,1.9,1.26,0.7,1,NA,NA,NA,5,NA,NA,NA,NA
Reference,Epacris,Epacris obtusifolia,NA,2,1,3,1,2,81.59,45.08,39.84,1.9,2.7,1.81,0.88,1.42,NA,NA,NA,5,47.78,1.11,43.05,0.59
Reference,Epacris,Epacris obtusifolia,NA,2,1,3,1,2,89.68,63.97,42.86,2.54,2.38,1.4,0.67,0.94,NA,NA,NA,5,NA,NA,NA,NA
Reference,Epacris,Epacris obtusifolia,NA,2,1,3,1,2,86.98,64.6,41.75,2.7,1.75,1.35,0.65,0.65,NA,NA,NA,5,NA,NA,NA,NA
Reference,Epacris,Epacris obtusifolia,NA,2,1,3,1,2,69.37,52.22,36.67,1.59,1.9,1.33,0.7,1.19,NA,NA,NA,5,NA,NA,NA,NA
Reference,Epacris,Epacris obtusifolia,NA,2,1,3,1,2,73.81,49.84,37.3,NA,1.27,1.48,0.75,NA,NA,NA,NA,5,NA,NA,NA,NA
Reference,Epacris,Epacris obtusifolia,NA,2,1,3,1,2,80.48,58.1,42.22,NA,1.43,1.39,0.73,NA,NA,NA,NA,5,NA,NA,NA,NA
Reference,Epacris,Epacris obtusifolia,NA,2,1,3,1,2,72.7,48.1,41.27,NA,1.59,1.51,0.86,NA,NA,NA,NA,5,NA,NA,NA,NA
Reference,Epacris,Epacris obtusifolia,NA,2,1,3,1,2,72.54,45.24,33.97,1.75,2.38,1.6,0.75,1.36,NA,NA,NA,5,NA,NA,NA,NA
Reference,Epacris,Epacris obtusifolia,NA,2,1,3,1,2,69.37,36.83,33.33,0.95,2.22,1.88,0.9,2.34,NA,NA,NA,5,NA,NA,NA,NA
Reference,Epacris,Epacris obtusifolia,NA,2,1,3,1,2,69.37,44.29,31.75,1.9,1.59,1.57,0.72,0.84,NA,NA,NA,5,29.21,0.95,30.75,0.42
Reference,Epacris,Epacris obtusifolia,NA,2,1,3,1,2,66.98,56.35,34.92,2.06,1.59,1.19,0.62,0.77,NA,NA,NA,5,NA,NA,NA,NA
Reference,Epacris,Epacris paludosa,NA,2,1,3,1,1,62.56,49.86,33.23,4.32,4.59,1.25,0.67,1.06,NA,NA,NA,5,31.03,1.92,16.16,0.5
Reference,Epacris,Epacris paludosa,NA,2,1,3,1,4,59.65,49.16,31.02,2.6,3.55,1.21,0.63,1.37,NA,NA,NA,5,30.33,1.35,22.47,0.51
Reference,Epacris,Epacris paludosa,NA,2,1,3,1,6,61.11,49.57,31.63,2.82,3.53,1.23,0.64,1.25,NA,NA,NA,5,29.57,1.17,25.27,0.48
Reference,Epacris,Epacris paludosa,NA,2,1,3,1,6,64.29,52.78,35.87,3.69,3.36,1.22,0.68,0.91,NA,NA,NA,5,32.92,1.48,22.24,0.51
Reference,Epacris,Epacris paludosa,NA,2,1,3,1,6,60.16,46.65,31.58,3.65,4.15,1.29,0.68,1.14,NA,NA,NA,5,30.88,2.23,13.85,0.51
Reference,Epacris,Epacris paludosa,NA,2,1,3,1,6,57.33,47.87,30.64,3.21,4.14,1.2,0.64,1.29,NA,NA,NA,5,26.97,0.94,28.69,0.47
Reference,Epacris,Epacris paludosa,NA,2,1,3,1,6,59.94,49.4,31.4,4.41,3.41,1.21,0.64,0.77,NA,NA,NA,5,26.04,1.21,21.52,0.43
Reference,Epacris,Epacris paludosa,NA,2,1,3,1,6,58.62,49.72,39.64,3.07,3.76,1.18,0.8,1.22,NA,NA,NA,5,29.26,1.61,18.17,0.5
Reference,Epacris,Epacris paludosa,NA,2,1,3,1,6,62.86,48.64,31.46,4.22,3.76,1.29,0.65,0.89,NA,NA,NA,5,27.52,1.21,22.74,0.44
Reference,Epacris,Epacris paludosa,NA,2,1,3,1,6,62,50.02,32.09,4.34,5.05,1.24,0.64,1.16,NA,NA,NA,5,27.82,1.59,17.5,0.45
Reference,Epacris,Epacris paludosa,NA,2,1,3,1,1,47.54,40.37,25.54,3.41,2.76,1.18,0.63,0.81,NA,NA,NA,5,21.58,1.19,18.13,0.45
Reference,Epacris,Epacris paludosa,NA,2,1,3,1,1,47.81,44.56,26.4,2.93,3.99,1.07,0.59,1.36,NA,NA,NA,5,20.77,1.15,18.06,0.43
Reference,Epacris,Epacris paludosa,NA,2,1,3,1,1,56.68,43.89,28.61,2.78,3.83,1.29,0.65,1.38,NA,NA,NA,5,27.54,0.92,29.93,0.49
Reference,Epacris,Epacris paludosa,NA,2,1,3,1,1,54.33,43.18,28.77,3.78,3.28,1.26,0.67,0.87,NA,NA,NA,5,23.17,1.19,19.47,0.43
Reference,Epacris,Epacris paludosa,NA,2,1,3,1,1,61.07,48.55,31.15,2.95,4.53,1.26,0.64,1.54,NA,NA,NA,5,26.38,0.99,26.65,0.43
Reference,Epacris,Epacris paludosa,NA,2,1,3,1,1,58.24,50.18,30.24,4.72,3.38,1.16,0.6,0.72,NA,NA,NA,5,25.25,1.13,22.35,0.43
Reference,Epacris,Epacris paludosa,NA,2,1,3,1,1,53.28,47.64,27.65,4.83,5.38,1.12,0.58,1.11,NA,NA,NA,5,23.71,1.03,23.02,0.45
Reference,Epacris,Epacris paludosa,NA,2,1,3,1,1,61.3,40.63,32.18,5.13,3.33,1.51,0.79,0.65,NA,NA,NA,5,24.46,1.36,17.99,0.4
Reference,Epacris,Epacris paludosa,NA,2,1,3,1,1,54.41,41.15,25.44,3.82,2.81,1.32,0.62,0.74,NA,NA,NA,5,20.85,1.21,17.23,0.38
Reference,Epacris,Epacris paludosa,NA,2,1,3,1,1,50.93,42.01,25.34,3.9,3.98,1.21,0.6,1.02,NA,NA,NA,5,24.19,1.23,19.67,0.47
Reference,Epacris,Epacris paludosa,NA,2,1,3,1,1,50.02,40.66,27.77,5.26,4.11,1.23,0.68,0.78,NA,NA,NA,5,22.89,1.04,22.01,0.46
Reference,Epacris,Epacris paludosa,NA,2,1,3,1,1,52.16,43.33,25.44,2.99,3.41,1.2,0.59,1.14,NA,NA,NA,5,22.32,1.59,14.04,0.43
Reference,Epacris,Epacris paludosa,NA,2,1,3,1,1,55.71,45.52,30.61,2.79,4.75,1.22,0.67,1.7,NA,NA,NA,5,26.15,0.89,29.38,0.47
Reference,Epacris,Epacris paludosa,NA,2,1,3,1,1,49.46,44.13,28.33,4.12,5.35,1.12,0.64,1.3,NA,NA,NA,5,24.78,1.29,19.21,0.5
Reference,Epacris,Epacris paludosa,NA,2,1,3,1,1,54.12,43.61,28.72,3.44,4.4,1.24,0.66,1.28,NA,NA,NA,5,26.69,1.19,22.43,0.49
Reference,Epacris,Epacris paludosa,NA,2,1,3,1,1,54.1,44.96,27.39,4.83,3.76,1.2,0.61,0.78,NA,NA,NA,5,29.17,1.51,19.32,0.54
Reference,Epacris,Epacris paludosa,NA,2,1,3,1,1,56.25,40.79,28.14,3.06,3.28,1.38,0.69,1.07,NA,NA,NA,5,25.52,1.2,21.27,0.45
Reference,Epacris,Epacris paludosa,NA,2,1,3,1,1,55.02,43.27,30.01,3.16,4.26,1.27,0.69,1.35,NA,NA,NA,5,26.86,1.14,23.56,0.49
Reference,Epacris,Epacris paludosa,NA,2,1,3,1,1,52.81,43.73,30.04,3.45,4.15,1.21,0.69,1.2,NA,NA,NA,5,23.69,1.13,20.96,0.45
Reference,Epacris,Epacris paludosa,NA,2,1,3,1,1,51.99,41.1,25.81,3.42,3.79,1.26,0.63,1.11,NA,NA,NA,5,25.04,1.44,17.39,0.48
Reference,Epacris,Epacris paludosa,NA,2,1,3,1,1,50.18,39.09,26.79,4.25,3.51,1.28,0.69,0.83,NA,NA,NA,5,23.3,1.41,16.52,0.46
Reference,Epacris,Epacris paludosa,NA,2,1,3,1,1,53.32,39.64,25.46,3.92,3.66,1.35,0.64,0.93,NA,NA,NA,5,26.43,1.37,19.29,0.5
Reference,Epacris,Epacris paludosa,NA,2,1,3,1,1,51.04,43.4,27,3.15,3.37,1.18,0.62,1.07,NA,NA,NA,5,25.53,1.23,20.76,0.5
Reference,Epacris,Epacris paludosa,NA,2,1,3,1,1,51.21,39.94,28.06,3.74,4.73,1.28,0.7,1.26,NA,NA,NA,5,25.22,1.42,17.76,0.49
Reference,Epacris,Epacris paludosa,NA,2,1,3,1,1,54.18,43.44,28.98,4.35,3.31,1.25,0.67,0.76,NA,NA,NA,5,24.59,1.03,23.87,0.45
Reference,Epacris,Epacris purpurascens,NA,2,1,3,1,1,51.02,44.11,25.86,1.52,2.44,1.16,0.59,1.61,NA,NA,NA,5,29.57,1.03,28.71,0.58
Reference,Epacris,Epacris purpurascens,NA,2,1,3,1,1,51.59,45.49,27.21,1.59,3.3,1.13,0.6,2.08,NA,NA,NA,5,27.6,0.94,29.36,0.53
Reference,Epacris,Epacris purpurascens,NA,2,1,3,1,1,48.86,30.38,23.78,0.87,1.87,1.61,0.78,2.15,NA,NA,NA,5,35.21,1.03,34.18,0.72
Reference,Epacris,Epacris purpurascens,NA,2,1,3,1,1,51.16,32.92,24.44,2.06,2.22,1.55,0.74,1.08,NA,NA,NA,5,34,2.06,16.5,0.66
Reference,Epacris,Epacris purpurascens,NA,2,1,3,1,1,48.67,41.3,25.22,1.6,2.86,1.18,0.61,1.79,NA,NA,NA,5,30.46,1.16,26.26,0.63
Reference,Epacris,Epacris purpurascens,NA,2,1,3,1,1,54.06,34.63,26.35,0.79,3.05,1.56,0.76,3.86,NA,NA,NA,5,32.05,1.3,24.65,0.59
Reference,Epacris,Epacris purpurascens,NA,2,1,3,1,1,51.49,43.14,25.56,1.27,2.92,1.19,0.59,2.3,NA,NA,NA,5,34.24,0.86,39.81,0.66
Reference,Epacris,Epacris purpurascens,NA,2,1,3,1,1,46.95,41.17,24.03,1.37,2.57,1.14,0.58,1.88,NA,NA,NA,5,36.75,1.14,32.24,0.78
Reference,Epacris,Epacris purpurascens,NA,2,1,3,1,1,51.54,30.67,23.68,1.16,1.89,1.68,0.77,1.63,NA,NA,NA,5,33.75,1.13,29.87,0.65
Reference,Epacris,Epacris purpurascens,NA,2,1,3,1,1,48.52,41.73,23.81,3.54,3.17,1.16,0.57,0.9,NA,NA,NA,5,32.03,0.95,33.72,0.66
Reference,Epacris,Epacris purpurascens,NA,2,1,3,1,1,54.97,34.13,27.51,1.92,3.56,1.61,0.81,1.85,NA,NA,NA,5,42.6,1.75,24.34,0.77
Reference,Epacris,Epacris purpurascens,NA,2,1,3,1,1,51.89,41.67,24.9,2.22,3.22,1.25,0.6,1.45,NA,NA,NA,5,32.7,0.81,40.37,0.63
Reference,Epacris,Epacris purpurascens,NA,2,1,3,1,1,47.86,41.48,22.05,1.65,2.78,1.15,0.53,1.68,NA,NA,NA,5,28.06,0.94,29.85,0.59
Reference,Epacris,Epacris purpurascens,NA,2,1,3,1,1,48.54,32.3,23.81,1.21,2.44,1.5,0.74,2.02,NA,NA,NA,5,31.21,0.83,37.6,0.64
Reference,Epacris,Epacris purpurascens,NA,2,1,3,1,1,50.6,39.22,24.3,1.84,2.63,1.29,0.62,1.43,NA,NA,NA,5,32.43,0.84,38.61,0.64
Reference,Epacris,Epacris purpurascens,NA,2,1,3,1,1,51.87,42.75,26.14,1.95,2.73,1.21,0.61,1.4,NA,NA,NA,5,34.25,0.83,41.27,0.66
Reference,Epacris,Epacris purpurascens,NA,2,1,3,1,1,48.02,43.6,24.16,1.29,2.79,1.1,0.55,2.16,NA,NA,NA,5,28.75,0.87,33.05,0.6
Reference,Epacris,Epacris purpurascens,NA,2,1,3,1,1,50.92,41.02,25.22,3.17,2.94,1.24,0.61,0.93,NA,NA,NA,5,32.51,0.63,51.6,0.64
Reference,Epacris,Epacris purpurascens,NA,2,1,3,1,1,47.19,38.48,24.48,1.9,1.9,1.23,0.64,1,NA,NA,NA,5,32.48,1.46,22.25,0.69
Reference,Epacris,Epacris purpurascens,NA,2,1,3,1,1,49.27,38.84,24.67,1.46,2.59,1.27,0.64,1.77,NA,NA,NA,5,28.92,1.14,25.37,0.59
Reference,Epacris,Epacris purpurascens,NA,2,1,3,1,1,51.44,32.63,24.43,1.81,1.95,1.58,0.75,1.08,NA,NA,NA,5,29.95,0.65,46.08,0.58
Reference,Epacris,Epacris purpurascens,NA,2,1,3,1,1,47.78,39.86,25.02,1.86,2.25,1.2,0.63,1.21,NA,NA,NA,5,34.37,0.86,39.97,0.72
Reference,Epacris,Epacris purpurascens,NA,2,1,3,1,1,47.7,42.84,24.29,1.13,2.44,1.11,0.57,2.16,NA,NA,NA,5,27.87,0.83,33.58,0.58
Reference,Epacris,Epacris purpurascens,NA,2,1,3,1,1,49.65,28.67,23.02,1.57,2.52,1.73,0.8,1.61,NA,NA,NA,5,27.9,0.7,39.86,0.56
Reference,Epacris,Epacris purpurascens,NA,2,1,3,1,1,46.57,38.21,22.95,1.87,2.21,1.22,0.6,1.18,NA,NA,NA,5,27.76,0.7,39.66,0.6
Reference,Epacris,Epacris purpurascens,NA,2,1,3,1,1,48.02,30.33,24.11,1.08,2.08,1.58,0.79,1.93,NA,NA,NA,5,29.6,0.92,32.17,0.62
Reference,Epacris,Epacris purpurascens,NA,2,1,3,1,1,45.92,32.84,23.35,1.59,2.54,1.4,0.71,1.6,NA,NA,NA,5,28.81,0.71,40.58,0.63
Reference,Epacris,Epacris purpurascens,NA,2,1,3,1,1,45.02,38.13,22.56,1.29,1.9,1.18,0.59,1.47,NA,NA,NA,5,30.27,0.73,41.47,0.67
Reference,Epacris,Epacris purpurascens,NA,2,1,3,1,1,42.54,35.54,21.98,1.11,2.22,1.2,0.62,2,NA,NA,NA,5,27.83,0.7,39.76,0.65
Reference,Epacris,Epacris purpurascens,NA,2,1,3,1,1,46.41,25.95,22.49,0.95,2.21,1.79,0.87,2.33,NA,NA,NA,5,26.75,0.52,51.44,0.58
Reference,Epacris,Epacris purpurascens,NA,2,1,3,1,1,46.85,36.47,24.06,2.79,3.26,1.28,0.66,1.17,NA,NA,NA,5,30.58,0.99,30.89,0.65
Reference,Epacris,Epacris purpurascens,NA,2,1,3,1,1,47.92,34.14,25.21,3.69,2.48,1.4,0.74,0.67,NA,NA,NA,5,28.29,1.33,21.27,0.59
Reference,Epacris,Epacris purpurascens,NA,2,1,3,1,1,41.63,33.37,22.51,3.04,3.57,1.25,0.67,1.17,NA,NA,NA,5,28.4,0.76,37.37,0.68
Reference,Epacris,Epacris purpurascens,NA,2,1,3,1,1,40.14,31.56,22.55,2.67,3.25,1.27,0.71,1.22,NA,NA,NA,5,27.79,1.31,21.21,0.69
Reference,Epacris,Epacris purpurascens,NA,2,1,3,1,1,42.28,32.38,21.06,2.73,3.18,1.31,0.65,1.16,NA,NA,NA,5,20.66,1.11,18.61,0.49
Reference,Epacris,Epacris purpurascens,NA,2,1,3,1,1,40.37,30.56,20.42,2.72,3.52,1.32,0.67,1.29,NA,NA,NA,5,25.11,1.11,22.62,0.62
Reference,Epacris,Epacris purpurascens,NA,2,1,3,1,1,44.21,36.82,22.53,2.44,3.02,1.2,0.61,1.24,NA,NA,NA,5,26.58,1.36,19.54,0.6
Reference,Epacris,Epacris purpurascens,NA,2,1,3,1,1,44.45,36.99,22.86,3.58,4.14,1.2,0.62,1.16,NA,NA,NA,5,30.79,1.59,19.36,0.69
Reference,Epacris,Epacris purpurascens,NA,2,1,3,1,1,40.89,33.41,21.62,2.87,2.75,1.22,0.65,0.96,NA,NA,NA,5,22.13,0.99,22.35,0.54
Reference,Epacris,Epacris purpurascens,NA,2,1,3,1,1,46.84,30.5,22.74,1.86,3.55,1.54,0.75,1.91,NA,NA,NA,5,26.64,2.25,11.84,0.57
Reference,Epacris,Epacris purpurascens,NA,2,1,3,1,1,44.03,30.56,22.64,2,3.05,1.44,0.74,1.53,NA,NA,NA,5,27.74,2.37,11.7,0.63
Reference,Epacris,Epacris purpurascens,NA,2,1,3,1,1,43.35,33.39,22.67,3.47,3.23,1.3,0.68,0.93,NA,NA,NA,5,24.36,1.36,17.91,0.56
Reference,Epacris,Epacris purpurascens,NA,2,1,3,1,1,44.02,32.63,22.8,2.57,3.55,1.35,0.7,1.38,NA,NA,NA,5,21.98,1.47,14.95,0.5
Reference,Epacris,Epacris purpurascens,NA,2,1,3,1,1,42.34,32.82,22.79,3.39,2.79,1.29,0.69,0.82,NA,NA,NA,5,25.07,1.78,14.08,0.59
Reference,Epacris,Epacris purpurascens,NA,2,1,3,1,1,43.7,34.53,22.18,2.77,3.13,1.27,0.64,1.13,NA,NA,NA,5,28.89,1.26,22.93,0.66
Reference,Epacris,Epacris purpurascens,NA,2,1,3,3,1,48.8,38.73,25.26,5.32,4.58,1.26,0.65,0.86,NA,NA,NA,5,30.53,1.11,27.5,0.63
Reference,Epacris,Epacris purpurascens,NA,2,1,3,3,1,51.22,40.03,24.61,3.37,3.51,1.28,0.61,1.04,NA,NA,NA,5,34.33,1.4,24.52,0.67
Reference,Epacris,Epacris purpurascens,NA,2,1,3,1,1,53.62,43.86,29.66,3.97,3.45,1.22,0.68,0.87,NA,NA,NA,5,40.13,1,40.13,0.75
Reference,Epacris,Epacris purpurascens,NA,2,1,3,1,1,56.65,44.04,29.98,3.37,3.24,1.29,0.68,0.96,NA,NA,NA,5,41.14,1.49,27.61,0.73
Reference,Epacris,Epacris purpurascens,NA,2,1,3,1,1,58.52,41.74,30.66,3.16,3.85,1.4,0.73,1.22,NA,NA,NA,5,40.32,1.13,35.68,0.69
Reference,Epacris,Epacris purpurascens,NA,2,1,3,1,1,56.27,43.32,31.89,3.32,3.32,1.3,0.74,1,NA,NA,NA,5,39.54,1.22,32.41,0.7
Reference,Epacris,Epacris purpurascens,NA,2,1,3,1,0,46.7,38.09,24.08,3.95,4.47,1.23,0.63,1.13,NA,NA,NA,5,30.41,1.28,23.76,0.65
Reference,Epacris,Epacris purpurascens,NA,2,1,3,1,1,54.05,42.11,31.77,3.69,4.32,1.28,0.75,1.17,NA,NA,NA,5,30.58,0.97,31.53,0.57
Reference,Epacris,Epacris purpurascens,NA,2,1,3,1,1,59.5,42.83,32.48,3.18,5.35,1.39,0.76,1.68,NA,NA,NA,5,39.71,0.98,40.52,0.67
Reference,Epacris,Epacris purpurascens,NA,2,1,3,1,1,62,49.31,32.38,3.69,4.11,1.26,0.66,1.11,NA,NA,NA,5,44.28,1.22,36.3,0.71
Reference,Epacris,Epacris purpurascens,NA,2,1,3,1,1,47.08,36.88,25.62,2.72,4.5,1.28,0.69,1.65,NA,NA,NA,5,30.98,0.95,32.61,0.66
Reference,Epacris,Epacris purpurascens,NA,2,1,3,3,1,47.87,38.15,26.62,3.6,4.72,1.25,0.7,1.31,NA,NA,NA,5,35.8,1,35.8,0.75
Reference,Epacris,Epacris purpurascens,NA,2,1,3,1,1,46.55,36.79,25.23,4.14,4.34,1.27,0.69,1.05,NA,NA,NA,5,35.87,0.78,45.99,0.77
Reference,Epacris,Epacris purpurascens,NA,2,1,3,1,1,49.96,41.2,26.47,3.54,4.14,1.21,0.64,1.17,NA,NA,NA,5,32.92,1.14,28.88,0.66
Reference,Epacris,Epacris purpurascens,NA,2,1,3,1,1,45.96,41.71,26.13,3.24,4.53,1.1,0.63,1.4,NA,NA,NA,5,32.86,1.1,29.87,0.71
Reference,Epacris,Epacris purpurascens,NA,2,1,3,1,0,52.49,42.41,30.64,3.14,3.94,1.24,0.72,1.25,NA,NA,NA,5,33.15,1,33.15,0.63
Reference,Epacris,Epacris rigida,NA,2,1,3,1,2,49,39.86,26.44,3.41,3.31,1.23,0.66,0.97,NA,NA,NA,5,NA,NA,NA,NA
Reference,Epacris,Epacris rigida,NA,2,1,3,1,2,51.07,37.75,24.88,3.99,3.29,1.35,0.66,0.82,NA,NA,NA,5,NA,NA,NA,NA
Reference,Epacris,Epacris rigida,NA,2,1,3,1,2,51.27,43.72,27.76,3.74,4.2,1.17,0.63,1.12,NA,NA,NA,5,NA,NA,NA,NA
Reference,Epacris,Epacris rigida,NA,2,1,3,1,2,48.96,41.61,25.9,3.71,3.98,1.18,0.62,1.07,NA,NA,NA,5,NA,NA,NA,NA
Reference,Epacris,Epacris rigida,NA,2,1,3,1,2,45.98,39.92,24.62,5.74,4.79,1.15,0.62,0.83,NA,NA,NA,5,NA,NA,NA,NA
Reference,Epacris,Epacris rigida,NA,2,1,3,1,2,52.22,42.1,26.5,4.74,3.45,1.24,0.63,0.73,NA,NA,NA,5,NA,NA,NA,NA
Reference,Epacris,Epacris rigida,NA,2,1,3,1,2,51.26,35.86,28,4.07,3.99,1.43,0.78,0.98,NA,NA,NA,5,NA,NA,NA,NA
Reference,Epacris,Epacris rigida,NA,2,1,3,1,2,49.72,39.87,24.98,3.35,3.85,1.25,0.63,1.15,NA,NA,NA,5,NA,NA,NA,NA
Reference,Epacris,Epacris rigida,NA,2,1,3,1,2,54.04,41.54,26.89,4.69,3.85,1.3,0.65,0.82,NA,NA,NA,5,NA,NA,NA,NA
Reference,Epacris,Epacris rigida,NA,2,1,3,1,2,53.63,40.46,28.99,4.9,5.31,1.33,0.72,1.08,NA,NA,NA,5,NA,NA,NA,NA
Reference,Epacris,Epacris rigida,NA,2,1,3,1,2,51.98,40.72,26.83,4.17,4.07,1.28,0.66,0.98,NA,NA,NA,5,NA,NA,NA,NA
Reference,Epacris,Epacris rigida,NA,2,1,3,1,2,48.25,40.12,24,4.33,4.26,1.2,0.6,0.98,NA,NA,NA,5,NA,NA,NA,NA
Reference,Epacris,Epacris rigida,NA,2,1,3,1,2,47.01,39.42,25.88,4.42,4.62,1.19,0.66,1.05,NA,NA,NA,5,NA,NA,NA,NA
Reference,Epacris,Epacris rigida,NA,2,1,3,1,2,52.1,42.49,26.52,6.38,4.54,1.23,0.62,0.71,NA,NA,NA,5,NA,NA,NA,NA
Reference,Epacris,Epacris rigida,NA,2,1,3,1,2,50.27,40.65,26.05,3.83,4.16,1.24,0.64,1.09,NA,NA,NA,5,NA,NA,NA,NA
Reference,Epacris,Epacris rigida,NA,2,1,3,1,2,53.72,42.32,27.18,5.23,3.54,1.27,0.64,0.68,NA,NA,NA,5,NA,NA,NA,NA
Reference,Epacris,Epacris rigida,NA,2,1,3,1,2,52.42,40.03,26.17,3.63,3.06,1.31,0.65,0.84,NA,NA,NA,5,NA,NA,NA,NA
Reference,Epacris,Epacris rigida,NA,2,1,3,1,2,47.68,40.36,25.62,3.27,3.03,1.18,0.63,0.93,NA,NA,NA,5,NA,NA,NA,NA
Reference,Epacris,Epacris rigida,NA,2,1,3,1,2,49.78,40.66,25.22,2.59,3.48,1.22,0.62,1.34,NA,NA,NA,5,NA,NA,NA,NA
Reference,Epacris,Epacris rigida,NA,2,1,3,1,2,50.42,36.37,24.97,4.24,3.4,1.39,0.69,0.8,NA,NA,NA,5,NA,NA,NA,NA
Reference,Epacris,Epacris rigida,NA,2,1,3,1,2,51.19,37.81,27.75,2.49,3.1,1.35,0.73,1.24,NA,NA,NA,5,NA,NA,NA,NA
Reference,Epacris,Epacris rigida,NA,2,1,3,1,2,48.32,37.17,24.84,3.45,3.45,1.3,0.67,1,NA,NA,NA,5,NA,NA,NA,NA
Reference,Epacris,Epacris rigida,NA,2,1,3,1,2,54.49,42.38,27.28,3.02,3.09,1.29,0.64,1.02,NA,NA,NA,5,NA,NA,NA,NA
Reference,Epacris,Epacris rigida,NA,2,1,3,1,2,48.32,37.04,23.84,2.96,3.58,1.3,0.64,1.21,NA,NA,NA,5,NA,NA,NA,NA
Reference,Epacris,Epacris rigida,NA,2,1,3,1,2,48.36,34.76,28.84,3.67,3.2,1.39,0.83,0.87,NA,NA,NA,5,NA,NA,NA,NA
Reference,Epacris,Epacris rigida,NA,2,1,3,1,2,48.35,40.36,26.08,2.75,3.12,1.2,0.65,1.13,NA,NA,NA,5,NA,NA,NA,NA
Reference,Epacris,Epacris rigida,NA,2,1,3,1,2,41.35,38.02,21.68,4.33,3.92,1.09,0.57,0.91,NA,NA,NA,5,NA,NA,NA,NA
Reference,Epacris,Epacris rigida,NA,2,1,3,1,2,49.45,37.79,26.09,2.6,3.28,1.31,0.69,1.26,NA,NA,NA,5,NA,NA,NA,NA
Reference,Epacris,Epacris rigida,NA,2,1,3,1,2,53.37,42.07,27.07,2.47,3.18,1.27,0.64,1.29,NA,NA,NA,5,NA,NA,NA,NA
Reference,Epacris,Epacris rigida,NA,2,1,3,1,2,48.29,37.94,23.34,3.75,2.7,1.27,0.62,0.72,NA,NA,NA,5,NA,NA,NA,NA
Reference,Leucopogon,Leucopogon ericoides,NA,1,NA,4,1,1,NA,NA,23.13,NA,1.94,NA,NA,NA,23.46,0.99,NA,4,NA,NA,NA,NA
Reference,Leucopogon,Leucopogon ericoides,NA,1,NA,4,1,1,NA,NA,23.76,NA,1.75,NA,NA,NA,23.21,1.02,NA,6,NA,NA,NA,NA
Reference,Leucopogon,Leucopogon ericoides,NA,1,NA,4,1,1,NA,NA,24.08,NA,2.27,NA,NA,NA,21.7,1.11,NA,6,NA,NA,NA,NA
Reference,Leucopogon,Leucopogon ericoides,NA,1,NA,4,1,1,NA,NA,19.24,NA,1.75,NA,NA,NA,17.87,1.08,NA,6,NA,NA,NA,NA
Reference,Leucopogon,Leucopogon ericoides,NA,1,NA,4,1,1,NA,NA,20.49,NA,1.24,NA,NA,NA,20.4,1,NA,6,NA,NA,NA,NA
Reference,Leucopogon,Leucopogon ericoides,NA,1,NA,4,1,1,NA,NA,17.46,NA,1.11,NA,NA,NA,18.87,0.93,NA,4,NA,NA,NA,NA
Reference,Leucopogon,Leucopogon ericoides,NA,1,NA,4,1,1,NA,NA,20.33,NA,1.49,NA,NA,NA,19.86,1.02,NA,6,NA,NA,NA,NA
Reference,Leucopogon,Leucopogon ericoides,NA,1,NA,4,1,1,NA,NA,21.86,NA,1.6,NA,NA,NA,22.86,0.96,NA,4,NA,NA,NA,NA
Reference,Leucopogon,Leucopogon ericoides,NA,1,NA,4,1,1,NA,NA,25.38,NA,1.43,NA,NA,NA,24.46,1.04,NA,6,NA,NA,NA,NA
Reference,Leucopogon,Leucopogon ericoides,NA,1,NA,4,1,1,NA,NA,20.65,NA,2.7,NA,NA,NA,18.65,1.11,NA,6,NA,NA,NA,NA
Reference,Leucopogon,Leucopogon ericoides,NA,1,NA,4,1,1,NA,NA,18.35,NA,1.29,NA,NA,NA,20.27,0.91,NA,4,NA,NA,NA,NA
Reference,Leucopogon,Leucopogon ericoides,NA,1,NA,4,1,1,NA,NA,21.49,NA,1.65,NA,NA,NA,19.78,1.09,NA,6,NA,NA,NA,NA
Reference,Leucopogon,Leucopogon ericoides,NA,1,NA,4,1,1,NA,NA,22.38,NA,1.83,NA,NA,NA,21.24,1.05,NA,6,NA,NA,NA,NA
Reference,Leucopogon,Leucopogon ericoides,NA,1,NA,4,1,1,NA,NA,19.24,NA,2.22,NA,NA,NA,20.57,0.94,NA,4,NA,NA,NA,NA
Reference,Leucopogon,Leucopogon ericoides,NA,1,NA,4,1,1,NA,NA,22.76,NA,1.71,NA,NA,NA,22.95,0.99,NA,4,NA,NA,NA,NA
Reference,Leucopogon,Leucopogon ericoides,NA,1,NA,4,1,1,NA,NA,24.25,NA,2.16,NA,NA,NA,24.02,1.01,NA,6,NA,NA,NA,NA
Reference,Leucopogon,Leucopogon ericoides,NA,1,NA,4,1,1,NA,NA,25.76,NA,2.4,NA,NA,NA,23.59,1.09,NA,6,NA,NA,NA,NA
Reference,Leucopogon,Leucopogon ericoides,NA,1,NA,4,1,1,NA,NA,25.63,NA,1.51,NA,NA,NA,24,1.07,NA,6,NA,NA,NA,NA
Reference,Leucopogon,Leucopogon ericoides,NA,1,NA,4,1,1,NA,NA,22.06,NA,1.68,NA,NA,NA,23.41,0.94,NA,4,NA,NA,NA,NA
Reference,Leucopogon,Leucopogon ericoides,NA,1,NA,4,1,1,NA,NA,24.83,NA,1.73,NA,NA,NA,23.03,1.08,NA,6,NA,NA,NA,NA
Reference,Leucopogon,Leucopogon ericoides,NA,1,NA,4,1,1,NA,NA,23.11,NA,2.13,NA,NA,NA,23.19,1,NA,4,13.6,3.32,4.1,NA
Reference,Leucopogon,Leucopogon ericoides,NA,1,NA,4,1,1,NA,NA,23.89,NA,1.86,NA,NA,NA,22.84,1.05,NA,6,NA,4.06,NA,NA
Reference,Leucopogon,Leucopogon ericoides,NA,1,NA,4,1,1,NA,NA,21.46,NA,1.71,NA,NA,NA,22.71,0.94,NA,4,NA,4.78,NA,NA
Reference,Leucopogon,Leucopogon ericoides,NA,1,NA,4,1,1,NA,NA,28.13,NA,2,NA,NA,NA,26.32,1.07,NA,6,11.32,3.4,3.33,NA
Reference,Leucopogon,Leucopogon ericoides,NA,1,NA,4,1,1,NA,NA,26.86,NA,1.52,NA,NA,NA,22.95,1.17,NA,7,11.68,3.43,3.41,NA
Reference,Leucopogon,Leucopogon ericoides,NA,1,NA,4,1,1,NA,NA,24.81,NA,1.86,NA,NA,NA,23.94,1.04,NA,6,NA,2.68,NA,NA
Reference,Leucopogon,Leucopogon ericoides,NA,1,NA,4,1,1,NA,NA,25.83,NA,1.76,NA,NA,NA,24.75,1.04,NA,6,NA,NA,NA,NA
Reference,Leucopogon,Leucopogon ericoides,NA,1,NA,4,1,1,NA,NA,24.1,NA,1.62,NA,NA,NA,23.7,1.01,NA,6,14.49,3.57,4.06,NA
Reference,Leucopogon,Leucopogon ericoides,NA,1,NA,4,1,1,NA,NA,23.52,NA,2.14,NA,NA,NA,23.21,0.96,NA,4,NA,NA,NA,NA
Reference,Leucopogon,Leucopogon ericoides,NA,1,NA,4,1,1,NA,NA,22.79,NA,1.75,NA,NA,NA,23.67,NA,NA,NA,NA,NA,NA,NA
Reference,Leucopogon,Leucopogon ericoides,NA,1,NA,4,1,1,NA,NA,25.3,NA,1.43,NA,NA,NA,23.24,1.09,NA,6,13.44,3.6,3.73,NA
Reference,Leucopogon,Leucopogon ericoides,NA,1,NA,4,1,1,NA,NA,25.97,NA,1.75,NA,NA,NA,24.06,1.08,NA,6,11.43,4.57,2.5,NA
Reference,Leucopogon,Leucopogon ericoides,NA,1,NA,4,1,1,NA,NA,24.68,NA,1.87,NA,NA,NA,24.51,1.01,NA,6,11,4.17,2.64,NA
Reference,Leucopogon,Leucopogon ericoides,NA,1,NA,4,1,1,NA,NA,26.6,NA,2.13,NA,NA,NA,25.03,1.06,NA,6,NA,NA,NA,NA
Reference,Leucopogon,Leucopogon ericoides,NA,1,NA,4,1,1,NA,NA,22.35,NA,1.83,NA,NA,NA,21.68,1.03,NA,6,15.87,2.59,6.13,NA
Reference,Leucopogon,Leucopogon ericoides,NA,1,NA,4,1,1,NA,NA,22.67,NA,1.35,NA,NA,NA,19.83,1.14,NA,7,13.21,3.37,3.92,NA
Reference,Leucopogon,Leucopogon ericoides,NA,1,NA,4,1,1,NA,NA,24.48,NA,1.62,NA,NA,NA,25.13,0.97,NA,4,12,4.17,2.88,NA
Reference,Leucopogon,Leucopogon ericoides,NA,1,NA,4,1,1,NA,NA,26.48,NA,1.62,NA,NA,NA,24.35,1.09,NA,6,15.33,4.67,3.28,NA
Reference,Leucopogon,Leucopogon ericoides,NA,1,NA,4,1,1,NA,NA,21.33,NA,1.57,NA,NA,NA,24.43,0.87,NA,3,14.05,4.56,3.08,NA
Reference,Leucopogon,Leucopogon ericoides,NA,1,NA,4,1,1,NA,NA,23.71,NA,1.54,NA,NA,NA,24.17,0.98,NA,4,18.05,2.84,6.36,NA
Reference,Leucopogon,Leucopogon ericoides,NA,1,NA,4,1,1,NA,NA,26.9,NA,1.79,NA,NA,NA,24.29,1.11,NA,6,14.71,3.51,4.19,NA
Reference,Leucopogon,Leucopogon ericoides,NA,1,NA,4,1,1,NA,NA,20.13,NA,2.37,NA,NA,NA,19.71,1.02,NA,6,NA,NA,NA,NA
Reference,Leucopogon,Leucopogon ericoides,NA,1,NA,4,1,1,NA,NA,26.63,NA,2.06,NA,NA,NA,25.46,1.05,NA,6,NA,NA,NA,NA
Reference,Leucopogon,Leucopogon ericoides,NA,1,NA,4,1,1,NA,NA,26.62,NA,1.94,NA,NA,NA,25.1,1.06,NA,6,NA,NA,NA,NA
Reference,Leucopogon,Leucopogon ericoides,NA,1,NA,4,1,1,NA,NA,24.46,NA,2.02,NA,NA,NA,23.44,1.04,NA,6,NA,NA,NA,NA
Reference,Leucopogon,Leucopogon ericoides,NA,1,NA,4,1,1,NA,NA,28.68,NA,2.46,NA,NA,NA,25.46,1.13,NA,6,NA,NA,NA,NA
Reference,Leucopogon,Leucopogon ericoides,NA,1,NA,4,1,1,NA,NA,23.56,NA,1.65,NA,NA,NA,23.9,0.99,NA,4,NA,NA,NA,NA
Reference,Leucopogon,Leucopogon ericoides,NA,1,NA,4,1,1,NA,NA,23.11,NA,1.62,NA,NA,NA,21.6,1.07,NA,6,NA,NA,NA,NA
Reference,Leucopogon,Leucopogon ericoides,NA,1,NA,4,1,1,NA,NA,25.83,NA,1.79,NA,NA,NA,24.78,1.04,NA,6,NA,NA,NA,NA
Reference,Leucopogon,Leucopogon ericoides,NA,1,NA,4,1,1,NA,NA,19.6,NA,1.97,NA,NA,NA,19.76,0.99,NA,4,16.68,NA,NA,NA
Reference,Leucopogon,Leucopogon lanceolatus,NA,1,NA,4,1,1,NA,NA,NA,NA,1.84,NA,NA,NA,NA,NA,NA,NA,12.78,1.17,10.92,NA
Reference,Leucopogon,Leucopogon lanceolatus,NA,1,NA,4,1,1,NA,NA,NA,NA,1.6,NA,NA,NA,NA,NA,NA,NA,10.7,1.13,9.47,NA
Reference,Leucopogon,Leucopogon lanceolatus,NA,1,NA,4,1,1,NA,NA,24.21,NA,1.71,NA,NA,NA,24.3,1,NA,4,17.51,1.3,13.47,NA
Reference,Leucopogon,Leucopogon lanceolatus,NA,1,NA,4,1,1,NA,NA,24.49,NA,1.56,NA,NA,NA,24.86,0.99,NA,4,18.87,1.48,12.75,NA
Reference,Leucopogon,Leucopogon lanceolatus,NA,1,NA,4,1,1,NA,NA,NA,NA,1.89,NA,NA,NA,NA,NA,NA,NA,NA,1.1,NA,NA
Reference,Leucopogon,Leucopogon lanceolatus,NA,1,NA,4,1,1,NA,NA,24.16,NA,1.3,NA,NA,NA,25.9,0.93,NA,4,19.86,0.92,21.59,NA
Reference,Leucopogon,Leucopogon lanceolatus,NA,1,NA,4,1,1,NA,NA,25.16,NA,1.41,NA,NA,NA,26.06,0.97,NA,4,18.46,1.52,12.14,NA
Reference,Leucopogon,Leucopogon lanceolatus,NA,1,NA,4,1,1,NA,NA,24.33,NA,1.65,NA,NA,NA,26.65,0.91,NA,4,20.75,1.06,19.58,NA
Reference,Leucopogon,Leucopogon lanceolatus,NA,1,NA,4,1,1,NA,NA,21.46,NA,1.54,NA,NA,NA,25.19,0.85,NA,3,NA,NA,NA,NA
Reference,Leucopogon,Leucopogon lanceolatus,NA,1,NA,4,1,1,NA,NA,25.75,NA,1.54,NA,NA,NA,27.6,0.93,NA,4,NA,NA,NA,NA
Reference,Leucopogon,Leucopogon lanceolatus,NA,1,NA,4,1,1,NA,NA,21.76,NA,1.75,NA,NA,NA,24.71,0.88,NA,4,NA,NA,NA,NA
Reference,Leucopogon,Leucopogon lanceolatus,NA,1,NA,4,1,1,NA,NA,NA,NA,2,NA,NA,NA,NA,NA,NA,NA,NA,NA,NA,NA
Reference,Leucopogon,Leucopogon lanceolatus,NA,1,NA,4,1,1,NA,NA,23.83,NA,1.7,NA,NA,NA,27.87,0.86,NA,3,NA,NA,NA,NA
Reference,Leucopogon,Leucopogon lanceolatus,NA,1,NA,4,1,1,NA,NA,22.11,NA,1.54,NA,NA,NA,26.19,0.84,NA,3,NA,NA,NA,NA
Reference,Leucopogon,Leucopogon lanceolatus,NA,1,NA,4,1,1,NA,NA,21.89,NA,1.71,NA,NA,NA,26.14,0.84,NA,3,NA,NA,NA,NA
Reference,Leucopogon,Leucopogon lanceolatus,NA,1,NA,4,1,1,NA,NA,23.13,NA,1.6,NA,NA,NA,26.38,0.88,NA,3,NA,NA,NA,NA
Reference,Leucopogon,Leucopogon lanceolatus,NA,1,NA,4,1,1,NA,NA,NA,NA,1.97,NA,NA,NA,NA,NA,NA,NA,NA,NA,NA,NA
Reference,Leucopogon,Leucopogon lanceolatus,NA,1,NA,4,1,1,NA,NA,22.65,NA,1.43,NA,NA,NA,23.27,0.97,NA,4,NA,NA,NA,NA
Reference,Leucopogon,Leucopogon lanceolatus,NA,1,NA,4,1,1,NA,NA,24.86,NA,2.22,NA,NA,NA,27.57,0.9,NA,4,NA,NA,NA,NA
Reference,Leucopogon,Leucopogon lanceolatus,NA,1,NA,4,1,1,NA,NA,23.57,NA,2.02,NA,NA,NA,25.79,0.91,NA,4,NA,NA,NA,NA
Reference,Leucopogon,Leucopogon lanceolatus,NA,1,NA,4,1,1,NA,NA,29.25,NA,3.03,NA,NA,NA,24.08,1.21,NA,7,NA,NA,NA,NA
Reference,Leucopogon,Leucopogon lanceolatus,NA,1,NA,4,1,1,NA,NA,30.21,NA,2.29,NA,NA,NA,25.1,1.2,NA,7,NA,NA,NA,NA
Reference,Leucopogon,Leucopogon lanceolatus,NA,1,NA,4,1,1,NA,NA,28.33,NA,2.57,NA,NA,NA,28.33,1,NA,4,NA,NA,NA,NA
Reference,Leucopogon,Leucopogon lanceolatus,NA,1,NA,4,1,1,NA,NA,33.25,NA,3.35,NA,NA,NA,30.89,1.08,NA,6,NA,NA,NA,NA
Reference,Leucopogon,Leucopogon lanceolatus,NA,1,NA,4,1,1,NA,NA,32.43,NA,2.78,NA,NA,NA,27.27,1.19,NA,7,NA,NA,NA,NA
Reference,Leucopogon,Leucopogon lanceolatus,NA,1,NA,4,1,1,NA,NA,34.06,NA,2.4,NA,NA,NA,33.83,1.01,NA,6,NA,NA,NA,NA
Reference,Leucopogon,Leucopogon lanceolatus,NA,1,NA,4,1,1,NA,NA,34.7,NA,3.3,NA,NA,NA,30.6,1.13,NA,6,NA,1.27,NA,NA
Reference,Leucopogon,Leucopogon lanceolatus,NA,1,NA,4,1,1,NA,NA,34.4,NA,2.94,NA,NA,NA,30.79,1.12,NA,6,NA,NA,NA,NA
Reference,Leucopogon,Leucopogon lanceolatus,NA,1,NA,4,1,1,NA,NA,34.38,NA,2.73,NA,NA,NA,31.1,1.11,NA,6,NA,NA,NA,NA
Reference,Leucopogon,Leucopogon lanceolatus,NA,1,NA,4,1,1,NA,NA,35.87,NA,3.11,NA,NA,NA,34.73,1.03,NA,6,NA,NA,NA,NA
Reference,Leucopogon,Leucopogon parviflorus,NA,1,NA,4,1,1,NA,NA,NA,NA,2.9,NA,NA,NA,NA,NA,NA,NA,NA,NA,NA,NA
Reference,Leucopogon,Leucopogon parviflorus,NA,1,NA,4,1,1,NA,NA,NA,NA,2.7,NA,NA,NA,NA,NA,NA,NA,NA,NA,NA,NA
Reference,Leucopogon,Leucopogon parviflorus,NA,1,NA,4,1,1,NA,NA,25.67,NA,2.81,NA,NA,NA,23,1.12,NA,6,NA,NA,NA,NA
Reference,Leucopogon,Leucopogon parviflorus,NA,1,NA,4,1,1,NA,NA,26.71,NA,2.86,NA,NA,NA,21.1,1.27,NA,7,NA,NA,NA,NA
Reference,Leucopogon,Leucopogon parviflorus,NA,1,NA,4,1,1,NA,NA,27.16,NA,1.95,NA,NA,NA,24.25,1.12,NA,6,9.49,2.03,4.67,NA
Reference,Leucopogon,Leucopogon parviflorus,NA,1,NA,4,1,1,NA,NA,26.95,NA,2.78,NA,NA,NA,22.78,1.18,NA,7,NA,NA,NA,NA
Reference,Leucopogon,Leucopogon parviflorus,NA,1,NA,4,1,1,NA,NA,31,NA,3.02,NA,NA,NA,28.54,1.09,NA,6,10.76,1.6,6.73,NA
Reference,Leucopogon,Leucopogon parviflorus,NA,1,NA,4,1,1,NA,NA,30.73,NA,2.24,NA,NA,NA,29.02,1.06,NA,6,NA,NA,NA,NA
Reference,Leucopogon,Leucopogon parviflorus,NA,1,NA,4,1,1,NA,NA,30.92,NA,3.38,NA,NA,NA,28.95,1.07,NA,6,9.1,0.84,12.13,NA
Reference,Leucopogon,Leucopogon parviflorus,NA,1,NA,4,1,1,NA,NA,30.89,NA,2.38,NA,NA,NA,24.38,1.27,NA,7,12.25,0.75,NA,NA
Reference,Leucopogon,Leucopogon parviflorus,NA,1,NA,4,1,1,NA,NA,31.24,NA,2.89,NA,NA,NA,29.76,1.05,NA,6,8.78,2.14,4.1,NA
Reference,Leucopogon,Leucopogon parviflorus,NA,1,NA,4,1,1,NA,NA,34.62,NA,2.7,NA,NA,NA,31.02,1.12,NA,6,7.95,2.52,3.15,NA
Reference,Leucopogon,Leucopogon parviflorus,NA,1,NA,4,1,1,NA,NA,29.4,NA,2.65,NA,NA,NA,24.7,1.19,NA,7,NA,NA,NA,NA
Reference,Leucopogon,Leucopogon parviflorus,NA,1,NA,4,1,1,NA,NA,24.94,NA,2.38,NA,NA,NA,20.97,1.19,NA,7,6.95,0.81,8.58,NA
Reference,Leucopogon,Leucopogon parviflorus,NA,1,NA,4,1,1,NA,NA,26.35,NA,2.11,NA,NA,NA,24.49,1.08,NA,6,7.62,1.17,6.51,NA
Reference,Leucopogon,Leucopogon parviflorus,NA,1,NA,4,1,1,NA,NA,28.06,NA,2.73,NA,NA,NA,25.02,1.12,NA,6,7.03,2.08,3.38,NA
Reference,Leucopogon,Leucopogon parviflorus,NA,1,NA,4,1,1,NA,NA,24.67,NA,2.43,NA,NA,NA,24.27,1.02,NA,6,7.25,1.14,6.36,NA
Reference,Leucopogon,Leucopogon parviflorus,NA,1,NA,4,1,1,NA,NA,25.63,NA,1.71,NA,NA,NA,23.71,1.08,NA,6,4.63,0.76,6.09,NA
Reference,Leucopogon,Leucopogon parviflorus,NA,1,NA,4,1,1,NA,NA,NA,NA,2.25,NA,NA,NA,NA,NA,NA,NA,NA,NA,NA,NA
Reference,Leucopogon,Leucopogon parviflorus,NA,1,NA,4,1,1,NA,NA,NA,NA,2.67,NA,NA,NA,NA,NA,NA,NA,NA,NA,NA,NA
Reference,Leucopogon,Leucopogon parviflorus,NA,1,NA,4,1,1,NA,NA,NA,NA,2.79,NA,NA,NA,NA,NA,NA,NA,NA,NA,NA,NA
Reference,Leucopogon,Leucopogon parviflorus,NA,1,NA,4,1,1,NA,NA,26.83,NA,1.95,NA,NA,NA,25.29,1.06,NA,6,12.67,1.87,6.78,NA
Reference,Leucopogon,Leucopogon parviflorus,NA,1,NA,4,1,1,NA,NA,26.98,NA,2.1,NA,NA,NA,24.78,1.09,NA,6,12.46,2.16,5.77,NA
Reference,Leucopogon,Leucopogon parviflorus,NA,1,NA,4,1,1,NA,NA,25.22,NA,2.29,NA,NA,NA,25.43,0.99,NA,4,NA,1.4,NA,NA
Reference,Leucopogon,Leucopogon parviflorus,NA,1,NA,4,1,1,NA,NA,34.71,NA,3.6,NA,NA,NA,37.76,0.92,NA,4,NA,NA,NA,NA
Reference,Leucopogon,Leucopogon parviflorus,NA,1,NA,4,1,1,NA,NA,34,NA,3.6,NA,NA,NA,34.22,0.99,NA,4,NA,NA,NA,NA
Reference,Leucopogon,Leucopogon parviflorus,NA,1,NA,4,1,1,NA,NA,33.49,NA,3.41,NA,NA,NA,34.84,0.96,NA,4,13.75,1.56,8.81,NA
Reference,Leucopogon,Leucopogon parviflorus,NA,1,NA,4,1,1,NA,NA,31.35,NA,3.44,NA,NA,NA,29.27,1.07,NA,6,NA,NA,NA,NA
Reference,Leucopogon,Leucopogon parviflorus,NA,1,NA,4,1,1,NA,NA,30.95,NA,3.17,NA,NA,NA,33.52,0.92,NA,4,8.57,0.75,11.43,NA
Reference,Leucopogon,Leucopogon parviflorus,NA,1,NA,4,1,1,NA,NA,35.13,NA,2.73,NA,NA,NA,35.76,0.98,NA,4,16.71,3.62,4.62,NA
Reference,Leucopogon,Leucopogon virgatus,NA,1,NA,4,1,1,NA,NA,30,NA,2.52,NA,NA,NA,27.92,1.07,NA,6,NA,NA,NA,NA
Reference,Leucopogon,Leucopogon virgatus,NA,1,NA,4,1,1,NA,NA,31.54,NA,2.97,NA,NA,NA,28.24,1.12,NA,6,NA,NA,NA,NA
Reference,Leucopogon,Leucopogon virgatus,NA,1,NA,4,1,1,NA,NA,34.38,NA,2.13,NA,NA,NA,27.49,1.25,NA,7,NA,NA,NA,NA
Reference,Leucopogon,Leucopogon virgatus,NA,1,NA,4,1,1,NA,NA,28.1,NA,2.44,NA,NA,NA,25.63,1.1,NA,6,19.68,2.33,8.45,NA
Reference,Leucopogon,Leucopogon virgatus,NA,1,NA,4,1,1,NA,NA,28.44,NA,3.02,NA,NA,NA,23.43,1.21,NA,7,NA,NA,NA,NA
Reference,Leucopogon,Leucopogon virgatus,NA,1,NA,4,1,1,NA,NA,26.3,NA,3.22,NA,NA,NA,23.46,1.12,NA,6,NA,NA,NA,NA
Reference,Leucopogon,Leucopogon virgatus,NA,1,NA,4,1,1,NA,NA,24.71,NA,3.56,NA,NA,NA,21.75,1.14,NA,6,NA,NA,NA,NA
Reference,Leucopogon,Leucopogon virgatus,NA,1,NA,4,1,1,NA,NA,30.02,NA,2.35,NA,NA,NA,27,1.11,NA,6,NA,NA,NA,NA
Reference,Leucopogon,Leucopogon virgatus,NA,1,NA,4,1,1,NA,NA,27.73,NA,2.81,NA,NA,NA,25.95,1.07,NA,6,NA,NA,NA,NA
Reference,Leucopogon,Leucopogon virgatus,NA,1,NA,4,1,1,NA,NA,25.54,NA,3.22,NA,NA,NA,24.29,1.05,NA,6,NA,NA,NA,NA
Reference,Leucopogon,Leucopogon virgatus,NA,1,NA,4,1,1,NA,NA,26.67,NA,2.11,NA,NA,NA,24.32,1.1,NA,6,NA,NA,NA,NA
Reference,Leucopogon,Leucopogon virgatus,NA,1,NA,4,1,1,NA,NA,26.86,NA,2.16,NA,NA,NA,24.02,1.12,NA,6,NA,NA,NA,NA
Reference,Leucopogon,Leucopogon virgatus,NA,1,NA,4,1,1,NA,NA,27.08,NA,1.76,NA,NA,NA,25.94,1.04,NA,6,NA,NA,NA,NA
Reference,Leucopogon,Leucopogon virgatus,NA,1,NA,4,1,1,NA,NA,28.54,NA,2.03,NA,NA,NA,25.63,1.11,NA,6,NA,NA,NA,NA
Reference,Leucopogon,Leucopogon virgatus,NA,1,NA,4,1,1,NA,NA,27.57,NA,2.79,NA,NA,NA,26.83,1.03,NA,6,NA,NA,NA,NA
Reference,Leucopogon,Leucopogon virgatus,NA,1,NA,4,1,1,NA,NA,24.57,NA,1.75,NA,NA,NA,23.83,1.03,NA,6,10.32,2.27,4.55,NA
Reference,Leucopogon,Leucopogon virgatus,NA,1,NA,4,1,1,NA,NA,22.13,NA,1.97,NA,NA,NA,22.22,1,NA,4,9.22,3.08,2.99,NA
Reference,Leucopogon,Leucopogon virgatus,NA,1,NA,4,1,1,NA,NA,24.68,NA,1.97,NA,NA,NA,23.49,1.05,NA,6,11.17,3.75,2.98,NA
Reference,Leucopogon,Leucopogon virgatus,NA,1,NA,4,1,1,NA,NA,26.13,NA,3.68,NA,NA,NA,26.49,0.99,NA,4,9.4,2.9,3.24,NA
Reference,Leucopogon,Leucopogon virgatus,NA,1,NA,4,1,1,NA,NA,27.97,NA,3.16,NA,NA,NA,26.08,1.07,NA,6,12.21,3.48,3.51,NA
Reference,Leucopogon,Leucopogon virgatus,NA,1,NA,4,1,1,NA,NA,23.63,NA,2.4,NA,NA,NA,22.16,1.07,NA,6,NA,NA,NA,NA
Reference,Leucopogon,Leucopogon virgatus,NA,1,NA,4,1,1,NA,NA,27.35,NA,2.75,NA,NA,NA,25.43,1.08,NA,6,10.86,3.6,3.02,NA
Reference,Leucopogon,Leucopogon virgatus,NA,1,NA,4,1,1,NA,NA,25.3,NA,2.79,NA,NA,NA,25.75,0.98,NA,4,9.41,2.43,3.87,NA
Reference,Leucopogon,Leucopogon virgatus,NA,1,NA,4,1,1,NA,NA,29.48,NA,3.59,NA,NA,NA,28.7,1.03,NA,6,NA,3.32,NA,NA
Reference,Leucopogon,Leucopogon virgatus,NA,1,NA,4,1,1,NA,NA,25.65,NA,2.78,NA,NA,NA,25.65,1,NA,4,NA,3.75,NA,NA
Reference,Leucopogon,Leucopogon virgatus,NA,1,NA,4,1,1,NA,NA,24.78,NA,2.62,NA,NA,NA,23.7,1.05,NA,6,NA,NA,NA,NA
Reference,Leucopogon,Leucopogon virgatus,NA,1,NA,4,1,1,NA,NA,23.57,NA,3.24,NA,NA,NA,23.57,1,NA,4,9.16,2.92,3.14,NA
Reference,Leucopogon,Leucopogon virgatus,NA,1,NA,4,1,1,NA,NA,27.29,NA,2.54,NA,NA,NA,25.27,1.08,NA,6,10.9,3.78,2.88,NA
Reference,Leucopogon,Leucopogon virgatus,NA,1,NA,4,1,1,NA,NA,27.11,NA,1.78,NA,NA,NA,24.95,1.09,NA,6,9.76,2.25,4.34,NA
Reference,Leucopogon,Leucopogon virgatus,NA,1,NA,4,1,1,NA,NA,27.97,NA,1.87,NA,NA,NA,26.19,1.07,NA,6,8.62,2.87,3,NA
Reference,Lissanthe,Lissanthe strigosa,NA,2,1,3,1,5,50.89,34.37,23.68,2.94,7.62,1.48,0.69,2.59,NA,NA,NA,5,14.02,1.25,11.22,0.28
Reference,Lissanthe,Lissanthe strigosa,NA,2,1,3,1,5,53.27,41.17,24.79,2.67,5.21,1.29,0.6,1.95,NA,NA,NA,5,16.89,3.71,4.55,0.32
Reference,Lissanthe,Lissanthe strigosa,NA,2,1,3,1,5,46.51,33.86,23.56,3.06,5.03,1.37,0.7,1.64,NA,NA,NA,5,15.37,2.16,7.12,0.33
Reference,Lissanthe,Lissanthe strigosa,NA,2,1,3,1,5,48.52,33.05,23.37,2.76,4.21,1.47,0.71,1.53,NA,NA,NA,5,14.73,2.29,6.43,0.3
Reference,Lissanthe,Lissanthe strigosa,NA,2,1,3,1,5,49.67,37.97,24.79,3.32,5.03,1.31,0.65,1.52,NA,NA,NA,5,17.41,1.76,9.89,0.35
Reference,Lissanthe,Lissanthe strigosa,NA,2,1,3,1,5,51.41,39.54,26.33,2.92,4.57,1.3,0.67,1.57,NA,NA,NA,5,NA,2.05,NA,NA
Reference,Lissanthe,Lissanthe strigosa,NA,2,1,3,1,5,51.25,40.7,29.89,3.11,4.51,1.26,0.73,1.45,NA,NA,NA,5,19.43,1.32,14.72,0.38
Reference,Lissanthe,Lissanthe strigosa,NA,2,1,3,1,5,50.9,38.52,24.63,2.06,4.68,1.32,0.64,2.27,NA,NA,NA,5,12.7,1.68,7.56,0.25
Reference,Lissanthe,Lissanthe strigosa,NA,2,1,3,1,5,48.81,37.02,25.51,2.32,4.11,1.32,0.69,1.77,NA,NA,NA,5,14.59,2.11,6.91,0.3
Reference,Lissanthe,Lissanthe strigosa,NA,2,1,3,1,5,50.62,39.24,25.16,2.78,4.48,1.29,0.64,1.61,NA,NA,NA,5,14.29,1.71,8.36,0.28
Reference,Lissanthe,Lissanthe strigosa,NA,2,1,3,1,5,53.68,43.19,25.38,2.81,5.02,1.24,0.59,1.79,NA,NA,NA,5,20.63,3.02,6.83,0.38
Reference,Lissanthe,Lissanthe strigosa,NA,2,1,3,1,5,51.37,33.38,26.11,2.27,5.3,1.54,0.78,2.33,NA,NA,NA,5,16.65,1.25,13.32,0.32
Reference,Lissanthe,Lissanthe strigosa,NA,2,1,3,1,5,50.65,41.59,27.19,2.79,4.54,1.22,0.65,1.63,NA,NA,NA,5,16.49,1.38,11.95,0.33
Reference,Lissanthe,Lissanthe strigosa,NA,2,1,3,1,5,52.52,35.86,22.81,3.89,4.43,1.46,0.64,1.14,NA,NA,NA,5,18.33,1.46,12.55,0.35
Reference,Lissanthe,Lissanthe strigosa,NA,2,1,3,1,5,59.16,39.89,28.6,3.33,4.6,1.48,0.72,1.38,NA,NA,NA,5,17.46,2.6,6.72,0.3
Reference,Lissanthe,Lissanthe strigosa,NA,2,1,3,1,5,58.22,32.41,28.03,3.08,4.49,1.8,0.86,1.46,NA,NA,NA,5,18.86,1.27,14.85,0.32
Reference,Lissanthe,Lissanthe strigosa,NA,2,1,3,1,5,55.54,36.11,26.38,4.03,4.41,1.54,0.73,1.09,NA,NA,NA,5,20.08,1.11,18.09,0.36
Reference,Lissanthe,Lissanthe strigosa,NA,2,1,3,1,5,54.7,42.94,27.41,3.11,3.87,1.27,0.64,1.24,NA,NA,NA,5,15.46,0.95,16.27,0.28
Reference,Lissanthe,Lissanthe strigosa,NA,2,1,3,1,5,58.75,38.59,29.32,4.24,4.49,1.52,0.76,1.06,NA,NA,NA,5,14.54,1.59,9.14,0.25
Reference,Lissanthe,Lissanthe strigosa,NA,2,1,3,1,5,49.32,39.33,24.29,2.29,4.41,1.25,0.62,1.93,NA,NA,NA,5,13.14,1.54,8.53,0.27
Reference,Lissanthe,Lissanthe strigosa,NA,2,1,3,1,5,48.25,35.92,23.59,2.57,3.87,1.34,0.66,1.51,NA,NA,NA,5,13.49,0.86,15.69,0.28
Reference,Lissanthe,Lissanthe strigosa,NA,2,1,3,1,5,53.13,35.02,26.35,4.13,5.08,1.52,0.75,1.23,NA,NA,NA,5,19.75,1.52,12.99,0.37
Reference,Lissanthe,Lissanthe strigosa,NA,2,1,3,1,5,52.94,37.27,26.7,3.44,5.11,1.42,0.72,1.49,NA,NA,NA,5,16.33,1.46,11.18,0.31
Reference,Lissanthe,Lissanthe strigosa,NA,2,1,3,1,5,54.22,36.19,28.65,3.44,4.06,1.5,0.79,1.18,NA,NA,NA,5,16.78,0.79,21.24,0.31
Reference,Lissanthe,Lissanthe strigosa,NA,2,1,3,1,5,55.81,31.75,28.46,2.92,3.84,1.76,0.9,1.32,NA,NA,NA,5,19.65,1.63,12.06,0.35
Reference,Lissanthe,Lissanthe strigosa,NA,2,1,3,1,5,50.35,42.79,29.73,3.17,4.44,1.18,0.69,1.4,NA,NA,NA,5,23.4,1.41,16.6,0.46
Reference,Lissanthe,Lissanthe strigosa,NA,2,1,3,1,5,51.22,33.59,24.98,4,4.46,1.52,0.74,1.12,NA,NA,NA,5,19.49,0.94,20.73,0.38
Reference,Lissanthe,Lissanthe strigosa,NA,2,1,3,1,5,49.87,40.63,25.56,3.25,4.57,1.23,0.63,1.41,NA,NA,NA,5,20.3,1.35,15.04,0.41
Reference,Lissanthe,Lissanthe strigosa,NA,2,1,3,1,5,47.62,25.17,24.08,3.44,4.1,1.89,0.96,1.19,NA,NA,NA,5,14.67,1.48,9.91,0.31
Reference,Lissanthe,Lissanthe strigosa,NA,2,1,3,1,5,56.38,36.43,28.6,2.52,4.56,1.55,0.79,1.81,NA,NA,NA,5,20.24,2.78,7.28,0.36
Reference,Lissanthe,Lissanthe strigosa,NA,2,1,3,1,1,69.2,47.61,33.13,2.9,4.18,1.45,0.7,1.44,NA,NA,NA,5,30.02,3.75,8.01,0.43
Reference,Lissanthe,Lissanthe strigosa,NA,2,1,3,1,1,65.75,49.14,32.97,4.58,3.61,1.34,0.67,0.79,NA,NA,NA,5,29.42,1.16,25.36,0.45
Reference,Lissanthe,Lissanthe strigosa,NA,2,1,3,1,1,64.98,44.48,33.03,3.94,3.83,1.46,0.74,0.97,NA,NA,NA,5,27.57,3.18,8.67,0.42
Reference,Lissanthe,Lissanthe strigosa,NA,2,1,3,1,1,70.03,50.55,36.18,3.56,4.2,1.39,0.72,1.18,NA,NA,NA,5,32.71,2.41,13.57,0.47
Reference,Lissanthe,Lissanthe strigosa,NA,2,1,3,1,1,63.11,47.22,31.71,5.53,4.08,1.34,0.67,0.74,NA,NA,NA,5,27.92,1.36,20.53,0.44
Reference,Lissanthe,Lissanthe strigosa,NA,2,1,3,1,1,60.02,46.82,31.87,5.17,5.17,1.28,0.68,1,NA,NA,NA,5,26.03,1.02,25.52,0.43
Reference,Lissanthe,Lissanthe strigosa,NA,2,1,3,1,1,67.97,47.35,34.58,5.5,6.38,1.44,0.73,1.16,NA,NA,NA,5,28.69,2.97,9.66,0.42
Reference,Lissanthe,Lissanthe strigosa,NA,2,1,3,1,1,54.75,38.23,31.46,3.09,3.78,1.43,0.82,1.22,NA,NA,NA,5,26.82,2.96,9.06,0.49
Reference,Lissanthe,Lissanthe strigosa,NA,2,1,3,1,1,66.8,48.61,30.86,2.77,4.42,1.37,0.63,1.6,NA,NA,NA,5,29.79,3.8,7.84,0.45
Reference,Lissanthe,Lissanthe strigosa,NA,2,1,3,1,4,64.02,48.3,32.55,4.49,4.02,1.33,0.67,0.9,NA,NA,NA,5,28.79,1.93,14.92,0.45
Reference,Lissanthe,Lissanthe strigosa,NA,2,1,3,1,1,63.29,50.31,33.7,3.16,4.44,1.26,0.67,1.41,NA,NA,NA,5,29.82,3.71,8.04,0.47
Reference,Lissanthe,Lissanthe strigosa,NA,2,1,3,1,1,61.45,50.41,32.9,2.88,4.36,1.22,0.65,1.51,NA,NA,NA,5,26.31,2.12,12.41,0.43
Reference,Lissanthe,Lissanthe strigosa,NA,2,1,3,1,1,60.33,45.81,29.34,3.69,4.02,1.32,0.64,1.09,NA,NA,NA,5,31.44,1.42,22.14,0.52
Reference,Lissanthe,Lissanthe strigosa,NA,2,1,3,1,1,58.98,38.85,30.67,3.58,4.32,1.52,0.79,1.21,NA,NA,NA,5,28.15,2.06,13.67,0.48
Reference,Lissanthe,Lissanthe strigosa,NA,2,1,3,1,1,59.65,49.92,32.31,3.07,4.05,1.19,0.65,1.32,NA,NA,NA,5,28.4,1.93,14.72,0.48
Reference,Lissanthe,Lissanthe strigosa,NA,2,1,3,1,1,65.16,51.41,33.61,3.95,4.94,1.27,0.65,1.25,NA,NA,NA,5,29.73,1.08,27.53,0.46
Reference,Lissanthe,Lissanthe strigosa,NA,2,1,3,1,1,65.49,41.93,30.94,4.06,3.53,1.56,0.74,0.87,NA,NA,NA,5,28.54,3.34,8.54,0.44
Reference,Lissanthe,Lissanthe strigosa,NA,2,1,3,1,1,67.49,52.79,37.5,2.95,3.92,1.28,0.71,1.33,NA,NA,NA,5,33.71,0.77,43.78,0.5
Reference,Lissanthe,Lissanthe strigosa,NA,2,1,3,1,1,59.23,45.53,30.12,4.21,3.92,1.3,0.66,0.93,NA,NA,NA,5,28.24,1.28,22.06,0.48
Reference,Lissanthe,Lissanthe strigosa,NA,2,1,3,1,1,63.01,47.1,30.44,3.03,3.66,1.34,0.65,1.21,NA,NA,NA,5,29.31,1.4,20.94,0.47
Reference,Lissanthe,Lissanthe strigosa,NA,2,1,3,1,1,59.41,44.97,34.57,3.41,3.37,1.32,0.77,0.99,NA,NA,NA,5,27.13,1.77,15.33,0.46
Reference,Lissanthe,Lissanthe strigosa,NA,2,1,3,1,1,54.45,45.42,24.65,4.25,4.7,1.2,0.54,1.11,NA,NA,NA,5,23.43,1.29,18.16,0.43
Reference,Lissanthe,Lissanthe strigosa,NA,2,1,3,1,1,57.3,48.82,28.65,4.29,5.51,1.17,0.59,1.28,NA,NA,NA,5,24.23,1.25,19.38,0.42
Reference,Lissanthe,Lissanthe strigosa,NA,2,1,3,1,1,64.73,44.85,37.11,3.54,4.5,1.44,0.83,1.27,NA,NA,NA,5,24.64,1.06,23.25,0.38
Reference,Lissanthe,Lissanthe strigosa,NA,2,1,3,1,1,56.1,44.09,33.07,3.61,4.23,1.27,0.75,1.17,NA,NA,NA,5,28.15,1.03,27.33,0.5
Reference,Monotoca,Monotoca elliptica,NA,2,2,3,2,0,NA,NA,23.65,NA,2.15,NA,NA,NA,19.09,1.24,18.3,7,21.06,0.62,33.97,NA
Reference,Monotoca,Monotoca elliptica,NA,2,2,3,2,0,NA,NA,24.1,NA,2,NA,NA,NA,21.17,1.14,18.45,6,19.94,0.56,35.61,NA
Reference,Monotoca,Monotoca elliptica,NA,2,2,3,2,0,NA,NA,26.33,NA,2.67,NA,NA,NA,19.96,1.32,20.18,7,22.99,0.43,53.47,NA
Reference,Monotoca,Monotoca elliptica,NA,2,2,3,2,0,NA,NA,24.61,NA,2.23,NA,NA,NA,20.38,1.21,18.9,7,20.51,0.52,39.44,NA
Reference,Monotoca,Monotoca elliptica,NA,2,2,3,2,0,NA,NA,23.92,NA,1.8,NA,NA,NA,17.2,1.39,16.86,8,19.94,0.59,33.8,NA
Reference,Monotoca,Monotoca elliptica,NA,2,2,3,2,0,NA,NA,24.2,NA,2.4,NA,NA,NA,20.55,1.18,19.14,7,20.25,0.61,33.2,NA
Reference,Monotoca,Monotoca elliptica,NA,2,2,3,2,0,NA,NA,26.04,NA,2.46,NA,NA,NA,20.47,1.27,20.52,7,22.07,0.62,35.6,NA
Reference,Monotoca,Monotoca elliptica,NA,2,2,3,2,0,NA,NA,22.36,NA,2.01,NA,NA,NA,18.84,1.19,18.04,7,17.94,0.48,37.38,NA
Reference,Monotoca,Monotoca elliptica,NA,2,2,3,2,0,NA,NA,23.1,NA,1.94,NA,NA,NA,17.92,1.29,17.59,7,18.47,0.53,34.85,NA
Reference,Monotoca,Monotoca elliptica,NA,2,2,3,2,0,NA,NA,26.19,NA,2.52,NA,NA,NA,21.95,1.19,20.71,7,22.04,0.43,51.26,NA
Reference,Monotoca,Monotoca elliptica,NA,2,2,3,2,0,NA,NA,23.98,NA,2.3,NA,NA,NA,19.05,1.26,17.89,7,20.14,0.44,45.77,NA
Reference,Monotoca,Monotoca elliptica,NA,2,2,3,2,0,NA,NA,24.17,NA,2.37,NA,NA,NA,19.61,1.23,17.8,7,20.28,0.48,42.25,NA
Reference,Monotoca,Monotoca elliptica,NA,2,2,3,2,0,NA,NA,25.47,NA,2.21,NA,NA,NA,19.52,1.3,19.79,7,21.83,0.48,45.48,NA
Reference,Monotoca,Monotoca elliptica,NA,2,2,3,2,0,NA,NA,25.07,NA,2.42,NA,NA,NA,19.96,1.26,19.51,7,20.65,0.45,45.89,NA
Reference,Monotoca,Monotoca elliptica,NA,2,2,3,2,0,NA,NA,26.24,NA,2.34,NA,NA,NA,21.47,1.22,20.03,7,19.48,0.6,32.47,NA
Reference,Monotoca,Monotoca elliptica,NA,2,2,3,2,0,NA,NA,17.76,NA,1.68,NA,NA,NA,13.5,1.32,14.29,7,12.51,0.67,18.67,NA
Reference,Monotoca,Monotoca elliptica,NA,2,2,3,2,0,NA,NA,18.42,NA,1.93,NA,NA,NA,15.35,1.2,14.99,7,13.7,0.4,34.25,NA
Reference,Monotoca,Monotoca elliptica,NA,2,2,3,2,0,NA,NA,18.55,NA,1.42,NA,NA,NA,15.35,1.21,14.08,7,14.34,0.42,34.14,NA
Reference,Monotoca,Monotoca elliptica,NA,2,2,3,2,0,NA,NA,18.09,NA,1.65,NA,NA,NA,15.01,1.21,14.2,7,13.72,0.48,28.58,NA
Reference,Monotoca,Monotoca elliptica,NA,2,2,3,2,0,NA,NA,17.94,NA,1.25,NA,NA,NA,14.5,1.24,14.58,7,15.13,0.34,44.5,NA
Reference,Monotoca,Monotoca elliptica,NA,2,2,3,2,0,NA,NA,17.79,NA,1.41,NA,NA,NA,14.74,1.21,14.57,7,13.53,0.44,30.75,NA
Reference,Monotoca,Monotoca elliptica,NA,2,2,3,2,0,NA,NA,18.54,NA,1.21,NA,NA,NA,14.64,1.27,15.55,7,12.99,0.4,32.48,NA
Reference,Monotoca,Monotoca elliptica,NA,2,2,3,2,0,NA,NA,19.27,NA,1.28,NA,NA,NA,15.1,1.28,15.37,7,11.15,0.5,22.3,NA
Reference,Monotoca,Monotoca elliptica,NA,2,2,3,2,0,NA,NA,18.17,NA,1.36,NA,NA,NA,14.84,1.22,14.75,7,15.16,0.44,34.45,NA
Reference,Monotoca,Monotoca elliptica,NA,2,2,3,2,0,NA,NA,17.19,NA,1.38,NA,NA,NA,14.64,1.17,14.66,7,13.26,0.37,35.84,NA
Reference,Monotoca,Monotoca elliptica,NA,2,2,3,2,0,NA,NA,17.34,NA,1.37,NA,NA,NA,14.18,1.22,14.32,7,13.07,0.42,31.12,NA
Reference,Monotoca,Monotoca elliptica,NA,2,2,3,2,0,NA,NA,18.69,NA,1.65,NA,NA,NA,15.31,1.22,14.54,7,14.34,0.36,39.83,NA
Reference,Monotoca,Monotoca elliptica,NA,2,2,3,2,0,NA,NA,18.09,NA,1.17,NA,NA,NA,14.07,1.29,15.12,7,12.42,0.34,36.53,NA
Reference,Monotoca,Monotoca elliptica,NA,2,2,3,2,0,NA,NA,18.21,NA,1.55,NA,NA,NA,14.68,1.24,14.1,7,12.98,0.41,31.66,NA
Reference,Monotoca,Monotoca elliptica,NA,2,2,3,2,0,NA,NA,18.42,NA,1.58,NA,NA,NA,14.93,1.23,15.2,7,13.28,0.38,34.95,NA
Reference,Monotoca,Monotoca scoparia,NA,2,2,3,2,0,NA,NA,19.09,NA,1.15,NA,NA,NA,14.8,1.29,12.76,7,13.43,0.53,25.34,NA
Reference,Monotoca,Monotoca scoparia,NA,2,2,3,2,0,NA,NA,17.59,NA,1.23,NA,NA,NA,13.88,1.27,13.12,7,12.7,0.29,43.79,NA
Reference,Monotoca,Monotoca scoparia,NA,2,2,3,2,0,NA,NA,19.87,NA,1.28,NA,NA,NA,14.8,1.34,17.14,8,15.14,0.42,36.05,NA
Reference,Monotoca,Monotoca scoparia,NA,2,2,3,2,0,NA,NA,18.76,NA,1.06,NA,NA,NA,14.75,1.27,15.62,7,10.43,0.4,26.08,NA
Reference,Monotoca,Monotoca scoparia,NA,2,2,3,2,0,NA,NA,22.33,NA,1.33,NA,NA,NA,16.12,1.39,19.27,8,14.2,0.59,24.07,NA
Reference,Monotoca,Monotoca scoparia,NA,2,2,3,2,0,NA,NA,18.86,NA,1.06,NA,NA,NA,13.39,1.41,15.35,8,12.01,0.49,24.51,NA
Reference,Monotoca,Monotoca scoparia,NA,2,2,3,2,0,NA,NA,18.68,NA,1.33,NA,NA,NA,14.31,1.31,15.67,7,8.95,0.46,19.46,NA
Reference,Monotoca,Monotoca scoparia,NA,2,2,3,2,0,NA,NA,17.8,NA,1.29,NA,NA,NA,15.2,1.17,13.3,7,7.59,0.39,19.46,NA
Reference,Monotoca,Monotoca scoparia,NA,2,2,3,2,0,NA,NA,19,NA,1.3,NA,NA,NA,13.43,1.41,15.94,8,11.58,0.53,21.85,NA
Reference,Monotoca,Monotoca scoparia,NA,2,2,3,2,0,NA,NA,17.65,NA,1.1,NA,NA,NA,13.33,1.32,14.72,7,9.12,0.39,23.38,NA
Reference,Monotoca,Monotoca scoparia,NA,2,2,3,2,0,NA,NA,16.71,NA,1.33,NA,NA,NA,14.13,1.18,13.85,7,9.89,0.4,24.73,NA
Reference,Monotoca,Monotoca scoparia,NA,2,2,3,2,0,NA,NA,19.64,NA,1.61,NA,NA,NA,14.47,1.36,14.84,8,7.45,0.42,17.74,NA
Reference,Monotoca,Monotoca scoparia,NA,2,2,3,2,0,NA,NA,19.76,NA,1.35,NA,NA,NA,15.47,1.28,15.5,7,14.67,0.5,29.34,NA
Reference,Monotoca,Monotoca scoparia,NA,2,2,3,2,0,NA,NA,19.67,NA,1.35,NA,NA,NA,15.82,1.24,16.38,7,13.29,0.45,29.53,NA
Reference,Monotoca,Monotoca scoparia,NA,2,2,3,2,0,NA,NA,18.51,NA,1.44,NA,NA,NA,15.1,1.23,14.76,7,13.1,0.51,25.69,NA
Reference,Monotoca,Monotoca scoparia,NA,2,2,3,2,0,NA,NA,16.52,NA,1.11,NA,NA,NA,13.19,1.25,13,7,9.03,0.47,19.21,NA
Reference,Monotoca,Monotoca scoparia,NA,2,2,3,2,0,NA,NA,17.25,NA,1.23,NA,NA,NA,12.4,1.39,12.69,8,13.95,0.3,46.5,NA
Reference,Monotoca,Monotoca scoparia,NA,2,2,3,2,0,NA,NA,18.61,NA,1.45,NA,NA,NA,12.28,1.52,14.11,8,9.23,0.56,16.48,NA
Reference,Monotoca,Monotoca scoparia,NA,2,2,3,2,4,NA,NA,19.64,NA,1.4,NA,NA,NA,14.15,1.39,14.93,8,11.43,0.4,28.58,NA
Reference,Monotoca,Monotoca scoparia,NA,2,2,3,2,0,NA,NA,16.71,NA,1.49,NA,NA,NA,13.24,1.26,13.34,7,12.19,0.39,31.26,NA
Reference,Monotoca,Monotoca scoparia,NA,2,2,3,2,0,12.89,9.17,NA,NA,1.37,1.41,NA,NA,NA,NA,NA,NA,NA,NA,NA,NA
Reference,Monotoca,Monotoca scoparia,NA,2,2,3,2,4,NA,NA,17.85,NA,1.1,NA,NA,NA,12.83,1.39,13.44,8,12.71,0.35,36.31,NA
Reference,Monotoca,Monotoca scoparia,NA,2,2,3,2,4,NA,NA,15.97,NA,1.31,NA,NA,NA,13.19,1.21,12.56,7,9.87,0.41,24.07,NA
Reference,Monotoca,Monotoca scoparia,NA,2,2,3,2,0,NA,NA,18.17,NA,1.04,NA,NA,NA,13.83,1.31,14.3,7,13.86,0.4,34.65,NA
Reference,Monotoca,Monotoca scoparia,NA,2,2,3,2,0,NA,NA,17.06,NA,1.09,NA,NA,NA,13.69,1.25,13.66,7,10.87,0.4,27.18,NA
Reference,Monotoca,Monotoca scoparia,NA,2,2,3,2,0,NA,NA,15.62,NA,1.3,NA,NA,NA,13.2,1.18,12.52,7,9.92,0.33,30.06,NA
Reference,Monotoca,Monotoca scoparia,NA,2,2,3,2,0,NA,NA,16.9,NA,1.35,NA,NA,NA,12.41,1.36,12.23,8,11.27,0.4,28.18,NA
Reference,Monotoca,Monotoca scoparia,NA,2,2,3,2,0,NA,NA,17.52,NA,1.55,NA,NA,NA,14.44,1.21,13.18,7,11.03,0.33,33.42,NA
Reference,Monotoca,Monotoca scoparia,NA,2,2,3,2,4,NA,NA,16.04,NA,1.3,NA,NA,NA,13.42,1.2,13.45,7,9.78,0.4,24.45,NA
Reference,Monotoca,Monotoca scoparia,NA,2,2,3,2,0,NA,NA,18.29,NA,1.82,NA,NA,NA,13.26,1.38,12.7,8,10.32,0.35,29.49,NA
Reference,Monotoca,Monotoca scoparia,NA,2,2,3,2,0,12.06,NA,15.56,NA,NA,NA,NA,NA,12.54,1.24,13.33,7,9.68,0.48,20.17,0.8
Reference,Monotoca,Monotoca scoparia,NA,2,2,3,2,0,12.54,NA,15.4,NA,NA,NA,NA,NA,12.54,1.23,12.38,7,10.63,0.48,22.15,0.85
Reference,Monotoca,Monotoca scoparia,NA,2,2,3,2,0,11.11,NA,16.51,NA,NA,NA,NA,NA,11.59,1.42,10.63,8,13.65,0.63,21.67,1.23
Reference,Monotoca,Monotoca scoparia,NA,2,2,3,2,0,12.7,NA,16.67,NA,NA,NA,NA,NA,11.9,1.4,10.48,8,10.79,0.48,22.48,0.85
Reference,Monotoca,Monotoca scoparia,NA,2,2,3,2,0,12.06,NA,15.71,NA,NA,NA,NA,NA,13.81,1.14,13.17,6,12.38,0.63,19.65,1.03
Reference,Monotoca,Monotoca scoparia,NA,2,2,3,2,0,12.22,NA,15.56,NA,NA,NA,NA,NA,12.06,1.29,12.38,7,12.86,0.79,16.28,1.05
Reference,Monotoca,Monotoca scoparia,NA,2,2,3,2,0,13.17,NA,14.92,NA,NA,NA,NA,NA,12.22,1.22,12.06,7,12.38,0.79,15.67,0.94
Reference,Monotoca,Monotoca scoparia,NA,2,2,3,2,0,11.59,NA,14.6,NA,NA,NA,NA,NA,12.54,1.16,12.22,7,7.14,0.48,14.88,0.62
Reference,Monotoca,Monotoca scoparia,NA,2,2,3,2,0,13.17,NA,16.35,NA,NA,NA,NA,NA,11.9,1.37,11.9,8,13.17,0.63,20.9,1
Reference,Monotoca,Monotoca scoparia,NA,2,2,3,2,0,13.49,NA,15.56,NA,NA,NA,NA,NA,13.17,1.18,13.17,7,12.06,0.48,25.13,0.89
Reference,Monotoca,Monotoca scoparia,NA,2,2,3,2,0,11.43,NA,15.71,NA,NA,NA,NA,NA,12.54,1.25,12.7,7,10.95,0.48,22.81,0.96
Reference,Monotoca,Monotoca scoparia,NA,2,2,3,2,0,12.06,NA,17.14,NA,NA,NA,NA,NA,11.43,1.5,12.22,8,12.86,0.48,26.79,1.07
Reference,Monotoca,Monotoca scoparia,NA,2,2,3,2,0,12.22,NA,15.56,NA,NA,NA,NA,NA,13.17,1.18,11.75,7,10.32,0.63,16.38,0.84
Reference,Monotoca,Monotoca scoparia,NA,2,2,3,2,0,14.13,NA,18.57,NA,NA,NA,NA,NA,13.65,1.36,15.24,8,16.51,0.79,20.9,1.17
Reference,Monotoca,Monotoca scoparia,NA,2,2,3,2,0,12.06,NA,16.67,NA,NA,NA,NA,NA,11.27,1.48,11.9,8,11.11,0.63,17.63,0.92
Reference,Monotoca,Monotoca scoparia,NA,2,2,3,2,0,10.79,NA,16.35,NA,NA,NA,NA,NA,12.22,1.34,10.32,8,11.43,0.63,18.14,1.06
Reference,Sprengelia,Sprengelia incarnata,NA,2,1,3,3,0,23.81,16.62,12.56,0.95,1.54,1.43,0.76,1.62,NA,NA,NA,5,12.92,1.11,11.64,0.54
Reference,Sprengelia,Sprengelia incarnata,NA,2,1,3,3,0,21.38,15.17,11.35,NA,1.14,1.41,0.75,NA,NA,NA,NA,5,14.87,0.79,18.82,0.7
Reference,Sprengelia,Sprengelia incarnata,NA,2,1,3,3,0,27.62,18.21,13.32,1.06,0.92,1.52,0.73,0.87,NA,NA,NA,5,17.78,0.92,19.33,0.64
Reference,Sprengelia,Sprengelia incarnata,NA,2,1,3,3,0,24.73,17.65,12.94,1.43,1.7,1.4,0.73,1.19,NA,NA,NA,5,16.86,0.71,23.75,0.68
Reference,Sprengelia,Sprengelia incarnata,NA,2,1,3,3,0,23.08,14.63,12.54,1.79,1.78,1.58,0.86,0.99,NA,NA,NA,5,16.02,0.63,25.43,0.69
Reference,Sprengelia,Sprengelia incarnata,NA,2,1,3,3,0,22.94,16.13,12.84,1.32,1.67,1.42,0.8,1.27,NA,NA,NA,5,15.79,0.78,20.24,0.69
Reference,Sprengelia,Sprengelia incarnata,NA,2,1,3,3,0,24.71,16.48,11.59,0.86,1.57,1.5,0.7,1.83,NA,NA,NA,5,17.51,0.98,17.87,0.71
Reference,Sprengelia,Sprengelia incarnata,NA,2,1,3,3,0,23.6,17.71,12.21,0.95,0.83,1.33,0.69,0.87,NA,NA,NA,5,17.9,0.71,25.21,0.76
Reference,Sprengelia,Sprengelia incarnata,NA,2,1,3,3,0,24.97,16.7,12.94,0.67,1.24,1.5,0.77,1.85,NA,NA,NA,5,15.97,0.76,21.01,0.64
Reference,Sprengelia,Sprengelia incarnata,NA,2,1,3,3,0,23.52,17.14,12.05,0.79,0.79,1.37,0.7,1,NA,NA,NA,5,15.41,1.06,14.54,0.66
Reference,Sprengelia,Sprengelia incarnata,NA,2,1,3,3,0,25.92,17.37,14.68,1.02,1.56,1.49,0.85,1.53,NA,NA,NA,5,13.7,0.79,17.34,0.53
Reference,Sprengelia,Sprengelia incarnata,NA,2,1,3,3,0,22.67,17.63,11.44,0.89,1.06,1.29,0.65,1.19,NA,NA,NA,5,15.56,1.1,14.15,0.69
Reference,Sprengelia,Sprengelia incarnata,NA,2,1,3,3,0,25.35,16.22,12.54,NA,1.83,1.56,0.77,NA,NA,NA,NA,5,18.71,0.95,19.69,0.74
Reference,Sprengelia,Sprengelia incarnata,NA,2,1,3,3,0,21.86,16.1,10.29,0.95,1.43,1.36,0.64,1.51,NA,NA,NA,5,NA,NA,NA,NA
Reference,Sprengelia,Sprengelia incarnata,NA,2,1,3,3,0,24.59,16.67,12.03,1.35,1.4,1.48,0.72,1.04,NA,NA,NA,5,19.71,0.95,20.75,0.8
Reference,Sprengelia,Sprengelia incarnata,NA,2,1,3,3,0,23.87,16.24,13.17,1.08,1.43,1.47,0.81,1.32,NA,NA,NA,5,14.6,0.92,15.87,0.61
Reference,Sprengelia,Sprengelia incarnata,NA,2,1,3,3,0,20.32,16.54,10.67,1.14,1.35,1.23,0.65,1.18,NA,NA,NA,5,NA,0.71,NA,NA
Reference,Sprengelia,Sprengelia incarnata,NA,2,1,3,1,0,26.6,18.73,13.9,0.84,1.22,1.42,0.74,1.45,NA,NA,NA,5,16.63,0.83,20.04,0.63
Reference,Sprengelia,Sprengelia incarnata,NA,2,1,3,1,0,23.38,17,13.49,1.05,1.62,1.38,0.79,1.54,NA,NA,NA,5,16.48,1.38,11.94,0.7
Reference,Sprengelia,Sprengelia incarnata,NA,2,1,3,1,0,26.46,18.41,13.92,1.13,1.75,1.44,0.76,1.55,NA,NA,NA,5,18.79,1.81,10.38,0.71
Reference,Sprengelia,Sprengelia incarnata,NA,2,1,3,1,0,25.06,17.89,12.49,1.54,1.67,1.4,0.7,1.08,NA,NA,NA,5,19.13,1.02,18.75,0.76
Reference,Sprengelia,Sprengelia incarnata,NA,2,1,3,3,0,24.54,18.05,13.44,1.38,1.7,1.36,0.74,1.23,NA,NA,NA,5,17.9,0.86,20.81,0.73
Reference,Sprengelia,Sprengelia incarnata,NA,2,1,3,3,0,21.33,17.38,11.11,1.38,1.78,1.23,0.64,1.29,NA,NA,NA,5,NA,0.89,NA,NA
Reference,Sprengelia,Sprengelia incarnata,NA,2,1,3,1,0,27.24,18.76,13.68,0.95,1.59,1.45,0.73,1.67,NA,NA,NA,5,18.54,0.98,18.92,0.68
Reference,Sprengelia,Sprengelia incarnata,NA,2,1,3,1,0,25.51,16.81,12.35,1.83,1.48,1.52,0.73,0.81,NA,NA,NA,5,19.51,1.71,11.41,0.76
Reference,Sprengelia,Sprengelia incarnata,NA,2,1,3,1,0,23.87,18.84,12.92,1.57,2.02,1.27,0.69,1.29,NA,NA,NA,5,NA,0.95,NA,NA
Reference,Sprengelia,Sprengelia incarnata,NA,2,1,3,3,0,24.22,16.48,12.33,1.14,1.16,1.47,0.75,1.02,NA,NA,NA,5,NA,0.67,NA,NA
Reference,Sprengelia,Sprengelia incarnata,NA,2,1,3,3,0,24.41,14.87,11.9,NA,1.14,1.64,0.8,NA,NA,NA,NA,5,NA,NA,NA,NA
Reference,Sprengelia,Sprengelia incarnata,NA,2,1,3,3,0,24.51,16.1,12.54,1.59,1.59,1.52,0.78,1,NA,NA,NA,5,14.76,0.63,23.43,0.6
Reference,Sprengelia,Sprengelia incarnata,NA,2,1,3,1,0,26.78,17.46,13.02,1.17,1.57,1.53,0.75,1.34,NA,NA,NA,5,20.46,1.59,12.87,0.76
Reference,Sprengelia,Sprengelia incarnata,NA,2,1,3,3,0,24.7,17.7,13.04,1.88,1.83,1.4,0.74,0.97,NA,NA,NA,5,18.65,1.12,16.65,0.76
Reference,Sprengelia,Sprengelia incarnata,NA,2,1,3,3,0,24.6,20.4,14.49,1.86,1.78,1.21,0.71,0.96,NA,NA,NA,5,15.74,0.57,27.61,0.64
Reference,Sprengelia,Sprengelia incarnata,NA,2,1,3,3,0,22.26,17.03,10.77,1.13,1.8,1.31,0.63,1.59,NA,NA,NA,5,15.78,0.6,26.3,0.71
Reference,Sprengelia,Sprengelia incarnata,NA,2,1,3,3,0,24.91,19.18,14.22,1.57,1.74,1.3,0.74,1.11,NA,NA,NA,5,16.59,0.77,21.55,0.67
Reference,Sprengelia,Sprengelia incarnata,NA,2,1,3,3,0,26.5,20.7,13.54,1.64,3.05,1.28,0.65,1.86,NA,NA,NA,5,18.87,1.34,14.08,0.71
Reference,Sprengelia,Sprengelia incarnata,NA,2,1,3,3,0,26.31,18.37,13.71,1.48,3.01,1.43,0.75,2.03,NA,NA,NA,5,20.05,1.15,17.43,0.76
Reference,Sprengelia,Sprengelia incarnata,NA,2,1,3,3,0,25.78,18.87,13.24,2.21,1.91,1.37,0.7,0.86,NA,NA,NA,5,16.5,0.9,18.33,0.64
Reference,Sprengelia,Sprengelia incarnata,NA,2,1,3,3,0,24.38,17.63,13,2.07,2.26,1.38,0.74,1.09,NA,NA,NA,5,16.15,0.84,19.23,0.66
Reference,Sprengelia,Sprengelia incarnata,NA,2,1,3,3,0,19.18,14.01,10.24,1.69,2.47,1.37,0.73,1.46,NA,NA,NA,5,11.13,0.76,14.64,0.58
Reference,Sprengelia,Sprengelia incarnata,NA,2,1,3,3,0,24.01,17.76,10.97,1.73,2.82,1.35,0.62,1.63,NA,NA,NA,5,16.48,0.99,16.65,0.69
Reference,Sprengelia,Sprengelia incarnata,NA,2,1,3,3,0,25.72,16.34,13.08,1.57,2.78,1.57,0.8,1.77,NA,NA,NA,5,17.62,1.2,14.68,0.69
Reference,Sprengelia,Sprengelia incarnata,NA,2,1,3,3,0,24.13,17.98,12.34,1.76,2.56,1.34,0.69,1.45,NA,NA,NA,5,15.68,1.03,15.22,0.65
Reference,Sprengelia,Sprengelia incarnata,NA,2,1,3,1,0,24.64,17.94,12.78,1.83,1.84,1.37,0.71,1.01,NA,NA,NA,5,16.24,0.91,17.85,0.66
Reference,Sprengelia,Sprengelia incarnata,NA,2,1,3,3,0,21.84,17.14,10.32,1.62,2.29,1.27,0.6,1.41,NA,NA,NA,5,13.6,0.99,13.74,0.62
Reference,Sprengelia,Sprengelia incarnata,NA,2,1,3,3,0,25.1,17.85,13.8,1.67,2.16,1.41,0.77,1.29,NA,NA,NA,5,17.22,0.89,19.35,0.69
Reference,Sprengelia,Sprengelia incarnata,NA,2,1,3,3,0,26.13,19.16,13.67,1.67,1.57,1.36,0.71,0.94,NA,NA,NA,5,17.75,0.98,18.11,0.68
Reference,Sprengelia,Sprengelia incarnata,NA,2,1,3,3,0,24.24,17.33,10.33,1.19,2.25,1.4,0.6,1.89,NA,NA,NA,5,15.86,0.85,18.66,0.65
Reference,Sprengelia,Sprengelia incarnata,NA,2,1,3,3,0,23.78,18.13,12.79,1.43,2.06,1.31,0.71,1.44,NA,NA,NA,5,17.55,0.75,23.4,0.74
Reference,Sprengelia,Sprengelia incarnata,NA,2,1,3,3,0,23.58,18.08,13.83,1.2,1.66,1.3,0.76,1.38,NA,NA,NA,5,17.7,1.24,14.27,0.75
Reference,Sprengelia,Sprengelia incarnata,NA,2,1,3,3,0,20.94,16.09,10.54,1.77,2.81,1.3,0.66,1.59,NA,NA,NA,5,14.61,0.66,22.14,0.7
Reference,Sprengelia,Sprengelia incarnata,NA,2,1,3,3,0,21.19,17.25,11.93,1.85,2.86,1.23,0.69,1.55,NA,NA,NA,5,13.52,0.7,19.31,0.64
Reference,Sprengelia,Sprengelia incarnata,NA,2,1,3,3,0,18.23,14.27,9.96,1.82,2.32,1.28,0.7,1.27,NA,NA,NA,5,10.68,0.7,15.26,0.59
Reference,Sprengelia,Sprengelia incarnata,NA,2,1,3,3,0,18.65,16,9.85,1.8,2.3,1.17,0.62,1.28,NA,NA,NA,5,12.49,0.88,14.19,0.67
Reference,Sprengelia,Sprengelia incarnata,NA,2,1,3,3,0,21.45,15.85,11.64,1.76,2.33,1.35,0.73,1.32,NA,NA,NA,5,14.08,0.76,18.53,0.66
Reference,Sprengelia,Sprengelia incarnata,NA,2,1,3,3,0,22.19,16.87,11.62,1.9,2.32,1.32,0.69,1.22,NA,NA,NA,5,14.52,1.29,11.26,0.65
Reference,Sprengelia,Sprengelia incarnata,NA,2,1,3,1,0,25.37,19.55,12.87,1.62,1.55,1.3,0.66,0.96,NA,NA,NA,5,14.64,0.76,19.26,0.58
Reference,Sprengelia,Sprengelia incarnata,NA,2,1,3,1,0,24.52,19.61,12.35,1.6,2.21,1.25,0.63,1.38,NA,NA,NA,5,14.83,1.01,14.68,0.6
Reference,Sprengelia,Sprengelia incarnata,NA,2,1,3,1,0,24.58,19.17,12.74,1.78,2.02,1.28,0.66,1.13,NA,NA,NA,5,17.12,0.77,22.23,0.7
Reference,Sprengelia,Sprengelia incarnata,NA,2,1,3,3,0,19.41,15.09,10.32,1.78,1.79,1.29,0.68,1.01,NA,NA,NA,5,13.18,0.77,17.12,0.68
Reference,Sprengelia,Sprengelia incarnata,NA,2,1,3,3,0,23.27,17.47,12.09,2.1,2.31,1.33,0.69,1.1,NA,NA,NA,5,13.71,0.79,17.35,0.59
Reference,Sprengelia,Sprengelia incarnata,NA,2,1,3,1,0,22.21,16.74,11.36,1.73,1.84,1.33,0.68,1.06,NA,NA,NA,5,14.89,0.78,19.09,0.67
Reference,Sprengelia,Sprengelia incarnata,NA,2,1,3,3,0,23.3,16.28,12.29,1.81,2.38,1.43,0.75,1.31,NA,NA,NA,5,14.22,1.23,11.56,0.61
Reference,Sprengelia,Sprengelia incarnata,NA,2,1,3,3,0,21.2,15.44,10.2,1.67,1.64,1.37,0.66,0.98,NA,NA,NA,5,14.59,1.54,9.47,0.69
Reference,Sprengelia,Sprengelia incarnata,NA,2,1,3,3,0,23.15,17.77,12.72,2.14,2.39,1.3,0.72,1.12,NA,NA,NA,5,14.62,0.85,17.2,0.63
Reference,Sprengelia,Sprengelia incarnata,NA,2,1,3,1,0,23.98,17.35,12.7,1.7,2.49,1.38,0.73,1.46,NA,NA,NA,5,13.5,0.76,17.76,0.56
Reference,Sprengelia,Sprengelia incarnata,NA,2,1,3,3,0,21.43,17.02,11.72,1.87,2.48,1.26,0.69,1.33,NA,NA,NA,5,12.03,0.64,18.8,0.56
Reference,Sprengelia,Sprengelia incarnata,NA,2,1,3,3,0,20.84,14.15,9.97,3.05,1.72,1.47,0.7,0.56,NA,NA,NA,5,12.47,0.89,14.01,0.6
Reference,Sprengelia,Sprengelia incarnata,NA,2,1,3,3,0,21.08,17.6,11.43,1.59,1.83,1.2,0.65,1.15,NA,NA,NA,5,14.54,0.69,21.07,0.69
Reference,Sprengelia,Sprengelia incarnata,NA,2,1,3,3,0,21.04,14.99,9.81,1.85,2.75,1.4,0.65,1.49,NA,NA,NA,5,15.46,0.98,15.78,0.73
Reference,Sprengelia,Sprengelia incarnata,NA,2,1,3,3,0,22.23,17.6,11.83,1.96,2.44,1.26,0.67,1.24,NA,NA,NA,5,14.36,1.06,13.55,0.65
Reference,Sprengelia,Sprengelia incarnata,NA,2,1,3,3,0,22.5,17.05,12.27,1.37,2.26,1.32,0.72,1.65,NA,NA,NA,5,17.73,0.82,21.62,0.79
Reference,Sprengelia,Sprengelia incarnata,NA,2,1,3,3,0,22.95,17.58,11.67,1.66,2.21,1.31,0.66,1.33,NA,NA,NA,5,14.7,0.88,16.7,0.64
Reference,Sprengelia,Sprengelia incarnata,NA,2,1,3,3,0,30.05,22.93,15.38,1.94,2.61,1.31,0.67,1.35,NA,NA,NA,5,17.45,1.02,17.11,0.58
Reference,Sprengelia,Sprengelia incarnata,NA,2,1,3,3,0,25.97,16.14,13.58,1.59,2.25,1.61,0.84,1.42,NA,NA,NA,5,16.92,0.97,17.44,0.65
Reference,Sprengelia,Sprengelia incarnata,NA,2,1,3,3,0,23.16,15.33,13.16,1.33,2.84,1.51,0.86,2.14,NA,NA,NA,5,15.89,0.69,23.03,0.69
Reference,Sprengelia,Sprengelia incarnata,NA,2,1,3,3,0,23.5,18.83,11.78,1.99,2.29,1.25,0.63,1.15,NA,NA,NA,5,13.07,0.72,18.15,0.56
Reference,Sprengelia,Sprengelia incarnata,NA,2,1,3,3,0,31.37,23.01,15.56,2.65,2.8,1.36,0.68,1.06,NA,NA,NA,5,20.56,0.85,24.19,0.66
Reference,Sprengelia,Sprengelia incarnata,NA,2,1,3,3,0,25.46,19.24,14.78,1.36,1.81,1.32,0.77,1.33,NA,NA,NA,5,15.79,1.08,14.62,0.62
Reference,Sprengelia,Sprengelia incarnata,NA,2,1,3,3,0,19.35,13.1,10.34,1.7,2.96,1.48,0.79,1.74,NA,NA,NA,5,14.25,0.8,17.81,0.74
Reference,Sprengelia,Sprengelia incarnata,NA,2,1,3,3,0,21.02,15.66,11.44,1.56,2.09,1.34,0.73,1.34,NA,NA,NA,5,13.19,0.69,19.12,0.63
Reference,Sprengelia,Sprengelia sprengelioides,NA,2,1,3,1,1,61.4,42.56,33.3,4.64,2.62,1.44,0.78,0.56,NA,NA,NA,5,38.02,1.51,25.18,0.62
Reference,Sprengelia,Sprengelia sprengelioides,NA,2,1,3,1,6,60.58,40.73,31.28,3.24,2.88,1.49,0.77,0.89,NA,NA,NA,5,41.79,1.15,36.34,0.69
Reference,Sprengelia,Sprengelia sprengelioides,NA,2,1,3,2,6,63.32,41.57,32.21,4.75,2.18,1.52,0.77,0.46,NA,NA,NA,5,39.23,1.06,37.01,0.62
Reference,Sprengelia,Sprengelia sprengelioides,NA,2,1,3,2,6,61.51,40.11,31.78,4.85,3.84,1.53,0.79,0.79,NA,NA,NA,5,43.51,1.39,31.3,0.71
Reference,Sprengelia,Sprengelia sprengelioides,NA,2,1,3,2,1,61.81,39.64,33.65,3.5,3.71,1.56,0.85,1.06,NA,NA,NA,5,41.97,0.93,45.13,0.68
Reference,Sprengelia,Sprengelia sprengelioides,NA,2,1,3,2,6,60.12,41.47,30.79,3.77,3.24,1.45,0.74,0.86,NA,NA,NA,5,41.95,1.11,37.79,0.7
Reference,Sprengelia,Sprengelia sprengelioides,NA,2,1,3,2,6,53.74,36.24,28.42,4.39,4.14,1.48,0.78,0.94,NA,NA,NA,5,38.9,1.51,25.76,0.72
Reference,Sprengelia,Sprengelia sprengelioides,NA,2,1,3,2,6,66.43,40.89,33.94,4.26,3.92,1.62,0.83,0.92,NA,NA,NA,5,40.69,1.93,21.08,0.61
Reference,Sprengelia,Sprengelia sprengelioides,NA,2,1,3,2,6,65.94,40.81,33.1,4.14,3.83,1.62,0.81,0.93,NA,NA,NA,5,45.2,1.1,41.09,0.69
Reference,Sprengelia,Sprengelia sprengelioides,NA,2,1,3,2,6,62.49,39.52,29.63,4.17,4.42,1.58,0.75,1.06,NA,NA,NA,5,43.94,1.53,28.72,0.7
Reference,Sprengelia,Sprengelia sprengelioides,NA,2,1,3,2,6,56.43,39.64,31.81,4.49,2.67,1.42,0.8,0.59,NA,NA,NA,5,41.85,1.27,32.95,0.74
Reference,Sprengelia,Sprengelia sprengelioides,NA,2,1,3,2,6,56.41,38.83,30.16,4.7,3.3,1.45,0.78,0.7,NA,NA,NA,5,42.98,1.09,39.43,0.76
Reference,Sprengelia,Sprengelia sprengelioides,NA,2,1,3,2,6,58.69,40.04,33.51,3.51,3.07,1.47,0.84,0.87,NA,NA,NA,5,38.91,3.3,11.79,0.66
Reference,Sprengelia,Sprengelia sprengelioides,NA,2,1,3,2,6,62.4,42.68,33.45,3.39,3.14,1.46,0.78,0.93,NA,NA,NA,5,40.04,1.37,29.23,0.64
Reference,Sprengelia,Sprengelia sprengelioides,NA,2,1,3,2,6,59.18,39.59,31.42,2.73,2.95,1.49,0.79,1.08,NA,NA,NA,5,38.93,0.84,46.35,0.66
Reference,Sprengelia,Sprengelia sprengelioides,NA,2,1,3,2,6,59.06,39.89,32.08,5.05,3.52,1.48,0.8,0.7,NA,NA,NA,5,43.05,2.1,20.5,0.73
Reference,Sprengelia,Sprengelia sprengelioides,NA,2,1,3,2,6,57.11,39.85,31.91,4.52,4.98,1.43,0.8,1.1,NA,NA,NA,5,40.4,1.79,22.57,0.71
Reference,Sprengelia,Sprengelia sprengelioides,NA,2,1,3,2,6,60.7,38.65,29.71,2.39,3.16,1.57,0.77,1.32,NA,NA,NA,5,34.92,1.26,27.71,0.58
Reference,Sprengelia,Sprengelia sprengelioides,NA,2,1,3,2,6,56.95,39.09,29.28,3.99,4,1.46,0.75,1,NA,NA,NA,5,34.17,1.44,23.73,0.6
Reference,Sprengelia,Sprengelia sprengelioides,NA,2,1,3,2,6,61.25,35.77,31.63,3,2.9,1.71,0.88,0.97,NA,NA,NA,5,43.3,1.2,36.08,0.71
Reference,Sprengelia,Sprengelia sprengelioides,NA,2,1,3,2,6,56.38,38.93,30.85,4.06,3.27,1.45,0.79,0.81,NA,NA,NA,5,36.83,1.16,31.75,0.65
Reference,Sprengelia,Sprengelia sprengelioides,NA,2,1,3,1,6,55.71,39.68,29.36,4.37,2.42,1.4,0.74,0.55,NA,NA,NA,5,40.54,1.42,28.55,0.73
Reference,Sprengelia,Sprengelia sprengelioides,NA,2,1,3,2,6,59.2,38.06,30.91,4.18,2.78,1.56,0.81,0.67,NA,NA,NA,5,42.37,0.82,51.67,0.72
Reference,Sprengelia,Sprengelia sprengelioides,NA,2,1,3,2,6,60.03,39.8,34.04,3.19,3.54,1.51,0.86,1.11,NA,NA,NA,5,41.97,1.81,23.19,0.7
Reference,Sprengelia,Sprengelia sprengelioides,NA,2,1,3,2,6,66.28,37.69,30.9,4.13,5.1,1.76,0.82,1.23,NA,NA,NA,5,37.63,2.47,15.23,0.57
Reference,Sprengelia,Sprengelia sprengelioides,NA,2,1,3,2,1,62.22,40.14,31.57,3.66,3.4,1.55,0.79,0.93,NA,NA,NA,5,35.54,1.79,19.85,0.57
Reference,Sprengelia,Sprengelia sprengelioides,NA,2,1,3,2,1,55.61,36.96,28.64,3.18,2.79,1.5,0.77,0.88,NA,NA,NA,5,32.65,1.6,20.41,0.59
Reference,Sprengelia,Sprengelia sprengelioides,NA,2,1,3,2,1,58.19,37.16,30.34,4.28,3.56,1.57,0.82,0.83,NA,NA,NA,5,36.9,1.53,24.12,0.63
Reference,Sprengelia,Sprengelia sprengelioides,NA,2,1,3,2,1,58.39,38.76,30.06,2.97,2.79,1.51,0.78,0.94,NA,NA,NA,5,33.51,3.61,9.28,0.57
Reference,Sprengelia,Sprengelia sprengelioides,NA,2,1,3,2,1,59.99,38.81,31.39,3.32,3.84,1.55,0.81,1.16,NA,NA,NA,5,36.47,1.8,20.26,0.61
Reference,Sprengelia,Sprengelia sprengelioides,NA,2,1,3,2,1,57.68,38.63,29.17,4.17,3.05,1.49,0.76,0.73,NA,NA,NA,5,36.34,0.9,40.38,0.63
Reference,Sprengelia,Sprengelia sprengelioides,NA,2,1,3,2,1,60.94,37.28,28.76,2.62,2.82,1.63,0.77,1.08,NA,NA,NA,5,33.82,1.19,28.42,0.55
Reference,Sprengelia,Sprengelia sprengelioides,NA,2,1,3,2,1,65.57,40.62,33.04,3.31,3.41,1.61,0.81,1.03,NA,NA,NA,5,34.01,1.75,19.43,0.52
Reference,Sprengelia,Sprengelia sprengelioides,NA,2,1,3,2,1,61.29,36.32,31.62,3.41,3.22,1.69,0.87,0.94,NA,NA,NA,5,40.46,2.49,16.25,0.66
Reference,Sprengelia,Sprengelia sprengelioides,NA,2,1,3,2,1,57.56,40.95,32.05,3.09,2.98,1.41,0.78,0.96,NA,NA,NA,5,41.04,1.42,28.9,0.71
Reference,Sprengelia,Sprengelia sprengelioides,NA,2,1,3,2,1,53.62,38.08,31.6,2.82,4.4,1.41,0.83,1.56,NA,NA,NA,5,35.3,1.64,21.52,0.66
Reference,Sprengelia,Sprengelia sprengelioides,NA,2,1,3,2,1,54.23,38.65,28.99,2.89,3.41,1.4,0.75,1.18,NA,NA,NA,5,37.59,1.06,35.46,0.69
Reference,Sprengelia,Sprengelia sprengelioides,NA,2,1,3,2,1,62.65,43.28,32.35,3.77,4.09,1.45,0.75,1.08,NA,NA,NA,5,43.12,1.58,27.29,0.69
Reference,Sprengelia,Sprengelia sprengelioides,NA,2,1,3,2,1,66.6,39.24,33.1,3.97,3.5,1.7,0.84,0.88,NA,NA,NA,5,41.54,1.81,22.95,0.62
Reference,Sprengelia,Sprengelia sprengelioides,NA,2,1,3,2,1,56.98,38.18,28.48,3.46,4.16,1.49,0.75,1.2,NA,NA,NA,5,38.12,1.64,23.24,0.67
Reference,Styphelia,Styphelia laeta,NA,1,NA,0,1,2,NA,NA,57.25,NA,4.58,NA,NA,NA,57.25,1,NA,4,NA,NA,NA,NA
Reference,Styphelia,Styphelia laeta,NA,1,NA,0,1,2,NA,NA,56.08,NA,4.51,NA,NA,NA,56.08,1,NA,4,NA,NA,NA,NA
Reference,Styphelia,Styphelia laeta,NA,1,NA,0,1,2,NA,NA,100.62,NA,3.86,NA,NA,NA,94.56,1.06,NA,6,NA,NA,NA,NA
Reference,Styphelia,Styphelia laeta,NA,1,NA,0,1,2,NA,NA,82.37,NA,3.73,NA,NA,NA,80.44,1.02,NA,6,NA,NA,NA,NA
Reference,Styphelia,Styphelia laeta,NA,1,NA,0,1,2,NA,NA,64.42,NA,5.38,NA,NA,NA,64.42,1,NA,4,NA,NA,NA,NA
Reference,Styphelia,Styphelia laeta,NA,1,NA,0,1,2,NA,NA,78.68,NA,5.19,NA,NA,NA,78.88,1,NA,4,NA,NA,NA,NA
Reference,Styphelia,Styphelia laeta,NA,1,NA,0,1,2,NA,NA,56.1,NA,6.6,NA,NA,NA,54.98,1.02,NA,6,NA,NA,NA,NA
Reference,Styphelia,Styphelia laeta,NA,1,NA,0,1,2,NA,NA,67.3,NA,4.24,NA,NA,NA,67.3,1,NA,4,NA,NA,NA,NA
Reference,Styphelia,Styphelia laeta,NA,1,NA,0,1,2,NA,NA,57.98,NA,4.42,NA,NA,NA,57.98,1,NA,4,NA,NA,NA,NA
Reference,Styphelia,Styphelia laeta,NA,1,NA,0,1,2,NA,NA,50.03,NA,3.41,NA,NA,NA,50.03,1,NA,4,NA,NA,NA,NA
Reference,Styphelia,Styphelia laeta,NA,1,NA,0,1,2,NA,NA,51.18,NA,4.49,NA,NA,NA,51.18,1,NA,4,NA,NA,NA,NA
Reference,Styphelia,Styphelia laeta,NA,1,NA,0,1,2,NA,NA,51.46,NA,4.22,NA,NA,NA,51.46,1,NA,4,NA,NA,NA,NA
Reference,Styphelia,Styphelia laeta,NA,1,NA,0,1,2,NA,NA,72.7,NA,3.68,NA,NA,NA,72.7,1,NA,4,NA,NA,NA,NA
Reference,Styphelia,Styphelia laeta,NA,1,NA,0,1,2,NA,NA,48.52,NA,3.82,NA,NA,NA,48.52,1,NA,4,NA,NA,NA,NA
Reference,Styphelia,Styphelia laeta,NA,1,NA,0,1,2,NA,NA,54.57,NA,3.32,NA,NA,NA,54.57,1,NA,4,NA,NA,NA,NA
Reference,Styphelia,Styphelia laeta,NA,1,NA,0,1,2,NA,NA,60.72,NA,3.31,NA,NA,NA,60.72,1,NA,4,NA,NA,NA,NA
Reference,Styphelia,Styphelia laeta,NA,1,NA,0,1,2,NA,NA,77.38,NA,4.19,NA,NA,NA,77.14,1,NA,4,NA,NA,NA,NA
Reference,Styphelia,Styphelia laeta,NA,1,NA,0,1,2,NA,NA,61.06,NA,4.1,NA,NA,NA,61.06,1,NA,4,NA,NA,NA,NA
Reference,Styphelia,Styphelia laeta,NA,1,NA,0,1,2,NA,NA,65.8,NA,4.56,NA,NA,NA,65.8,1,NA,4,NA,NA,NA,NA
Reference,Styphelia,Styphelia laeta,NA,1,NA,0,1,2,NA,NA,59.03,NA,5.41,NA,NA,NA,59.03,1,NA,4,NA,NA,NA,NA
Reference,Styphelia,Styphelia laeta,NA,1,NA,0,1,2,NA,NA,73.23,NA,4.34,NA,NA,NA,73.93,0.99,NA,4,NA,NA,NA,NA
Reference,Styphelia,Styphelia laeta,NA,1,NA,0,1,2,NA,NA,71.14,NA,4.09,NA,NA,NA,71.14,1,NA,4,NA,NA,NA,NA
Reference,Styphelia,Styphelia laeta,NA,1,NA,0,1,2,NA,NA,76.88,NA,4.34,NA,NA,NA,74.68,1.03,NA,6,NA,NA,NA,NA
Reference,Styphelia,Styphelia laeta,NA,1,NA,0,1,2,NA,NA,55.01,NA,4.78,NA,NA,NA,55.01,1,NA,4,NA,NA,NA,NA
Reference,Styphelia,Styphelia laeta,NA,1,NA,0,1,2,NA,NA,51.38,NA,3.87,NA,NA,NA,51.38,1,NA,4,NA,NA,NA,NA
Reference,Styphelia,Styphelia laeta,NA,1,NA,0,1,2,NA,NA,89.25,NA,5.43,NA,NA,NA,89.25,1,NA,4,NA,NA,NA,NA
Reference,Styphelia,Styphelia laeta,NA,1,NA,0,1,2,NA,NA,91.96,NA,4.1,NA,NA,NA,91.96,1,NA,4,NA,NA,NA,NA
Reference,Styphelia,Styphelia laeta,NA,1,NA,0,1,2,NA,NA,69.81,NA,4.27,NA,NA,NA,69.81,1,NA,4,NA,NA,NA,NA
Reference,Styphelia,Styphelia laeta,NA,1,NA,0,1,2,NA,NA,64.66,NA,4.27,NA,NA,NA,64.66,1,NA,4,NA,NA,NA,NA
Reference,Styphelia,Styphelia laeta,NA,1,NA,0,1,2,NA,NA,59.95,NA,3.82,NA,NA,NA,59.95,1,NA,4,NA,NA,NA,NA
Reference,Styphelia,Styphelia laeta,NA,1,NA,0,1,2,NA,NA,65.36,NA,4.6,NA,NA,NA,65.36,1,NA,4,NA,NA,NA,NA
Reference,Styphelia,Styphelia laeta,NA,1,NA,0,1,2,NA,NA,80.74,NA,5.29,NA,NA,NA,80.74,1,NA,4,NA,NA,NA,NA
Reference,Styphelia,Styphelia laeta,NA,1,NA,0,1,2,NA,NA,60.04,NA,4.7,NA,NA,NA,60.04,1,NA,4,NA,NA,NA,NA
Reference,Styphelia,Styphelia triflora,NA,1,NA,0,1,2,NA,NA,67.57,NA,2.35,NA,NA,NA,67.24,1,NA,6,NA,NA,NA,NA
Reference,Styphelia,Styphelia triflora,NA,1,NA,0,1,2,NA,NA,56.17,NA,3,NA,NA,NA,56.67,0.99,NA,4,NA,NA,NA,NA
Reference,Styphelia,Styphelia triflora,NA,1,NA,0,1,2,NA,NA,63.95,NA,3.06,NA,NA,NA,64.27,1,NA,4,NA,NA,NA,NA
Reference,Styphelia,Styphelia triflora,NA,1,NA,0,1,2,NA,NA,53.25,NA,3.68,NA,NA,NA,53.32,1,NA,4,NA,NA,NA,NA
Reference,Styphelia,Styphelia triflora,NA,1,NA,0,1,2,NA,NA,51.43,NA,2.44,NA,NA,NA,53.38,0.96,NA,4,NA,NA,NA,NA
Reference,Styphelia,Styphelia triflora,NA,1,NA,0,1,2,NA,NA,57.1,NA,2.33,NA,NA,NA,57.38,1,NA,4,NA,NA,NA,NA
Reference,Styphelia,Styphelia triflora,NA,1,NA,0,1,2,NA,NA,57.27,NA,2.19,NA,NA,NA,NA,NA,NA,NA,NA,NA,NA,NA
Reference,Styphelia,Styphelia triflora,NA,1,NA,0,1,2,NA,NA,48.14,NA,2.57,NA,NA,NA,47.97,1,NA,6,NA,NA,NA,NA
Reference,Styphelia,Styphelia triflora,NA,1,NA,0,1,2,NA,NA,62.29,NA,3.06,NA,NA,NA,NA,NA,NA,NA,NA,NA,NA,NA
Reference,Styphelia,Styphelia triflora,NA,1,NA,0,1,2,NA,NA,NA,NA,2.19,NA,NA,NA,NA,NA,NA,NA,NA,NA,NA,NA
Reference,Styphelia,Styphelia triflora,NA,1,NA,0,1,2,NA,NA,NA,NA,1.9,NA,NA,NA,NA,NA,NA,NA,NA,NA,NA,NA
Reference,Styphelia,Styphelia triflora,NA,1,NA,0,1,2,NA,NA,77.04,NA,7.35,NA,NA,NA,76.25,1.01,NA,6,NA,NA,NA,NA
Reference,Styphelia,Styphelia triflora,NA,1,NA,0,1,2,NA,NA,82.02,NA,4.75,NA,NA,NA,84.89,0.97,NA,4,NA,NA,NA,NA
Reference,Styphelia,Styphelia triflora,NA,1,NA,0,1,2,NA,NA,80.7,NA,4.12,NA,NA,NA,81.42,0.99,NA,4,NA,NA,NA,NA
Reference,Styphelia,Styphelia triflora,NA,1,NA,0,1,2,NA,NA,89.9,NA,5.66,NA,NA,NA,84.57,1.06,NA,6,NA,NA,NA,NA
Reference,Styphelia,Styphelia triflora,NA,1,NA,0,1,2,NA,NA,78.65,NA,4.72,NA,NA,NA,81.58,0.96,NA,4,NA,NA,NA,NA
Reference,Styphelia,Styphelia triflora,NA,1,NA,0,1,2,NA,NA,82.55,NA,3.74,NA,NA,NA,84.37,0.98,NA,4,NA,NA,NA,NA
Reference,Styphelia,Styphelia triflora,NA,1,NA,0,1,2,NA,NA,82.34,NA,4.74,NA,NA,NA,80.38,1.02,NA,6,NA,NA,NA,NA
Reference,Styphelia,Styphelia triflora,NA,1,NA,0,1,2,NA,NA,77.05,NA,4.22,NA,NA,NA,78.47,0.98,NA,4,NA,NA,NA,NA
Reference,Styphelia,Styphelia triflora,NA,1,NA,0,1,2,NA,NA,86.65,NA,4.52,NA,NA,NA,86.27,1,NA,4,NA,NA,NA,NA
Reference,Styphelia,Styphelia triflora,NA,1,NA,0,1,2,NA,NA,79.89,NA,4.71,NA,NA,NA,79,1.01,NA,6,NA,NA,NA,NA
Reference,Styphelia,Styphelia triflora,NA,1,NA,0,1,2,NA,NA,78.08,NA,3.88,NA,NA,NA,82.28,0.95,NA,4,NA,NA,NA,NA
Reference,Styphelia,Styphelia triflora,NA,1,NA,0,1,2,NA,NA,81.96,NA,4,NA,NA,NA,82.1,1,NA,4,NA,NA,NA,NA
Reference,Styphelia,Styphelia triflora,NA,1,NA,0,1,2,NA,NA,72.43,NA,4.71,NA,NA,NA,74.23,0.98,NA,4,NA,NA,NA,NA
Reference,Styphelia,Styphelia triflora,NA,1,NA,0,1,2,NA,NA,80.06,NA,4.71,NA,NA,NA,75.95,1.05,NA,6,NA,NA,NA,NA
Reference,Styphelia,Styphelia triflora,NA,1,NA,0,1,2,NA,NA,73.2,NA,4.1,NA,NA,NA,73.2,1,NA,4,NA,NA,NA,NA
Reference,Styphelia,Styphelia triflora,NA,1,NA,0,1,2,NA,NA,81.93,NA,4.78,NA,NA,NA,82.89,0.99,NA,4,NA,NA,NA,NA
Reference,Styphelia,Styphelia triflora,NA,1,NA,0,1,2,NA,NA,74.62,NA,4.23,NA,NA,NA,73.47,1.02,NA,6,NA,NA,NA,NA
Reference,Styphelia,Styphelia triflora,NA,1,NA,0,1,2,NA,NA,79.79,NA,4.51,NA,NA,NA,81.46,0.98,NA,4,NA,NA,NA,NA
Reference,Styphelia,Styphelia triflora,NA,1,NA,0,1,2,NA,NA,74.27,NA,4.31,NA,NA,NA,75.71,0.98,NA,4,NA,NA,NA,NA
Reference,Styphelia,Styphelia triflora,NA,1,NA,0,1,2,NA,NA,80.44,NA,4.6,NA,NA,NA,77.87,1.03,NA,6,NA,NA,NA,NA
Reference,Styphelia,Styphelia triflora,NA,1,NA,0,1,2,NA,NA,59.89,NA,6.18,NA,NA,NA,63.13,0.95,NA,4,NA,NA,NA,NA
Reference,Styphelia,Styphelia triflora,NA,1,NA,0,1,2,NA,NA,66.66,NA,6.76,NA,NA,NA,64.87,1.03,NA,6,NA,NA,NA,NA
Reference,Styphelia,Styphelia triflora,NA,1,NA,0,1,2,NA,NA,64.13,NA,5.91,NA,NA,NA,68.45,0.94,NA,4,NA,NA,NA,NA
Reference,Styphelia,Styphelia triflora,NA,1,NA,0,1,2,NA,NA,69.61,NA,7.12,NA,NA,NA,70.19,0.99,NA,4,NA,NA,NA,NA
Reference,Styphelia,Styphelia triflora,NA,1,NA,0,1,2,NA,NA,60.87,NA,6.4,NA,NA,NA,61.3,0.99,NA,4,NA,NA,NA,NA
Reference,Styphelia,Styphelia triflora,NA,1,NA,0,1,2,NA,NA,70.11,NA,7.52,NA,NA,NA,65.41,1.07,NA,6,NA,NA,NA,NA
Reference,Styphelia,Styphelia viridis,NA,1,NA,0,1,2,NA,NA,56.38,NA,2.87,NA,NA,NA,54.59,1.03,NA,6,NA,NA,NA,NA
Reference,Styphelia,Styphelia viridis,NA,1,NA,0,1,2,NA,NA,53.6,NA,3.29,NA,NA,NA,NA,NA,NA,NA,NA,NA,NA,NA
Reference,Styphelia,Styphelia viridis,NA,1,NA,0,1,2,NA,NA,60.08,NA,3.17,NA,NA,NA,59.52,1.01,NA,6,NA,NA,NA,NA
Reference,Styphelia,Styphelia viridis,NA,1,NA,0,1,2,NA,NA,58.33,NA,2.86,NA,NA,NA,58.35,1,NA,4,NA,NA,NA,NA
Reference,Styphelia,Styphelia viridis,NA,1,NA,0,1,2,NA,NA,60.59,NA,3.11,NA,NA,NA,59.17,1.02,NA,6,NA,NA,NA,NA
Reference,Styphelia,Styphelia viridis,NA,1,NA,0,1,2,NA,NA,60.51,NA,2.57,NA,NA,NA,62.84,0.96,NA,4,NA,NA,NA,NA
Reference,Styphelia,Styphelia viridis,NA,1,NA,0,1,2,NA,NA,58.67,NA,2.98,NA,NA,NA,58.48,1,NA,6,NA,NA,NA,NA
Reference,Styphelia,Styphelia viridis,NA,1,NA,0,1,2,NA,NA,56.02,NA,2.54,NA,NA,NA,60.13,0.93,NA,4,NA,NA,NA,NA
Reference,Styphelia,Styphelia viridis,NA,1,NA,0,1,2,NA,NA,63.22,NA,3.17,NA,NA,NA,63.49,1,NA,4,NA,NA,NA,NA
Reference,Styphelia,Styphelia viridis,NA,1,NA,0,1,2,NA,NA,59.76,NA,3.11,NA,NA,NA,NA,NA,NA,NA,NA,NA,NA,NA
Reference,Styphelia,Styphelia viridis,NA,1,NA,0,1,2,NA,NA,55.06,NA,3.48,NA,NA,NA,54.84,1,NA,6,NA,NA,NA,NA
Reference,Styphelia,Styphelia viridis,NA,1,NA,0,1,2,NA,NA,59.87,NA,2.22,NA,NA,NA,60.3,0.99,NA,4,NA,NA,NA,NA
Reference,Styphelia,Styphelia viridis,NA,1,NA,0,1,2,NA,NA,60,NA,2.59,NA,NA,NA,60.92,0.98,NA,4,NA,NA,NA,NA
Reference,Styphelia,Styphelia viridis,NA,1,NA,0,1,2,NA,NA,61.6,NA,3.17,NA,NA,NA,63.3,0.97,NA,4,NA,NA,NA,NA
Reference,Styphelia,Styphelia viridis,NA,1,NA,0,1,2,NA,NA,54.11,NA,2.38,NA,NA,NA,58.08,0.93,NA,4,NA,NA,NA,NA
Reference,Styphelia,Styphelia viridis,NA,1,NA,0,1,2,NA,NA,62.05,NA,2.54,NA,NA,NA,62.25,1,NA,4,NA,NA,NA,NA
Reference,Styphelia,Styphelia viridis,NA,1,NA,0,1,2,NA,NA,58.43,NA,3.02,NA,NA,NA,52.08,1.12,NA,6,NA,NA,NA,NA
Reference,Styphelia,Styphelia viridis,NA,1,NA,0,1,2,NA,NA,59.62,NA,2.7,NA,NA,NA,54.97,1.08,NA,6,NA,NA,NA,NA
Reference,Styphelia,Styphelia viridis,NA,1,NA,0,1,2,NA,NA,43.79,NA,2.78,NA,NA,NA,42.94,1.02,NA,6,NA,NA,NA,NA
Reference,Styphelia,Styphelia viridis,NA,1,NA,0,1,2,NA,NA,61.1,NA,2.38,NA,NA,NA,59.41,1.03,NA,6,NA,NA,NA,NA
Reference,Styphelia,Styphelia viridis,NA,1,NA,0,1,2,NA,NA,56.94,NA,2.71,NA,NA,NA,57.86,0.98,NA,4,NA,NA,NA,NA
Reference,Styphelia,Styphelia viridis,NA,1,NA,0,1,2,NA,NA,44.78,NA,3.49,NA,NA,NA,42.86,1.04,NA,6,NA,NA,NA,NA
Reference,Styphelia,Styphelia viridis,NA,1,NA,0,1,2,NA,NA,44.56,NA,3.25,NA,NA,NA,43.43,1.03,NA,6,NA,NA,NA,NA
Reference,Styphelia,Styphelia viridis,NA,1,NA,0,1,2,NA,NA,72.1,NA,2.56,NA,NA,NA,70.84,1.02,NA,6,NA,NA,NA,NA
Reference,Styphelia,Styphelia viridis,NA,1,NA,0,1,2,NA,NA,63.19,NA,2.22,NA,NA,NA,62.38,1.01,NA,6,NA,NA,NA,NA
Reference,Styphelia,Styphelia viridis,NA,1,NA,0,1,2,NA,NA,65.38,NA,2.46,NA,NA,NA,64.16,1.02,NA,6,NA,NA,NA,NA
Reference,Styphelia,Styphelia viridis,NA,1,NA,0,1,2,NA,NA,46.32,NA,2.86,NA,NA,NA,44.12,1.05,NA,6,NA,NA,NA,NA
Reference,Styphelia,Styphelia viridis,NA,1,NA,0,1,2,NA,NA,62.57,NA,2.86,NA,NA,NA,60.54,1.03,NA,6,NA,NA,NA,NA
Reference,Styphelia,Styphelia viridis,NA,1,NA,0,1,2,NA,NA,61.79,NA,2.52,NA,NA,NA,62.71,0.99,NA,4,NA,NA,NA,NA
Reference,Styphelia,Styphelia viridis,NA,1,NA,0,1,2,NA,NA,61.89,NA,2.62,NA,NA,NA,59.49,1.04,NA,6,NA,NA,NA,NA
Reference,Styphelia,Styphelia viridis,NA,1,NA,0,1,2,NA,NA,63.62,NA,2.41,NA,NA,NA,65.37,0.97,NA,4,NA,NA,NA,NA
Reference,Styphelia,Styphelia viridis,NA,1,NA,0,1,2,NA,NA,66.27,NA,3.17,NA,NA,NA,65.48,1.01,NA,6,NA,NA,NA,NA
Reference,Styphelia,Styphelia viridis,NA,1,NA,0,1,2,NA,NA,64.98,NA,2.83,NA,NA,NA,65.06,1,NA,4,NA,NA,NA,NA
Reference,Styphelia,Styphelia viridis,NA,1,NA,0,1,2,NA,NA,72.17,NA,3.92,NA,NA,NA,70.71,1.02,NA,6,NA,NA,NA,NA
Reference,Styphelia,Styphelia viridis,NA,1,NA,0,1,2,NA,NA,75.19,NA,1.9,NA,NA,NA,69.14,1.09,NA,6,NA,NA,NA,NA
Reference,Styphelia,Styphelia viridis,NA,1,NA,0,1,2,NA,NA,89.49,NA,5.18,NA,NA,NA,89.83,1,NA,4,NA,NA,NA,NA
Reference,Styphelia,Styphelia viridis,NA,1,NA,0,1,2,NA,NA,92.58,NA,4.96,NA,NA,NA,91.54,1.01,NA,6,NA,NA,NA,NA
Reference,Styphelia,Styphelia viridis,NA,1,NA,0,1,2,NA,NA,79.39,NA,5.2,NA,NA,NA,80.14,0.99,NA,4,NA,NA,NA,NA
Reference,Styphelia,Styphelia viridis,NA,1,NA,0,1,2,NA,NA,85.17,NA,4.44,NA,NA,NA,88.28,0.96,NA,4,NA,NA,NA,NA
Reference,Styphelia,Styphelia viridis,NA,1,NA,0,1,2,NA,NA,76.45,NA,6.36,NA,NA,NA,75.83,1.01,NA,6,NA,NA,NA,NA
Reference,Styphelia,Styphelia viridis,NA,1,NA,0,1,2,NA,NA,88.16,NA,4.95,NA,NA,NA,87.31,1.01,NA,6,NA,NA,NA,NA
Reference,Styphelia,Styphelia viridis,NA,1,NA,0,1,2,NA,NA,87.68,NA,4.26,NA,NA,NA,89.19,0.98,NA,4,NA,NA,NA,NA
Reference,Styphelia,Styphelia viridis,NA,1,NA,0,1,2,NA,NA,86.43,NA,5.55,NA,NA,NA,86.85,1,NA,4,NA,NA,NA,NA
Reference,Styphelia,Styphelia viridis,NA,1,NA,0,1,2,NA,NA,84.15,NA,4.26,NA,NA,NA,82.36,1.02,NA,6,NA,NA,NA,NA
Reference,Styphelia,Styphelia viridis,NA,1,NA,0,1,2,NA,NA,92.72,NA,4.38,NA,NA,NA,92.62,1,NA,4,NA,NA,NA,NA
Reference,Styphelia,Styphelia viridis,NA,1,NA,0,1,2,NA,NA,97.22,NA,5.4,NA,NA,NA,94.97,1.02,NA,6,NA,NA,NA,NA
Reference,Styphelia,Styphelia viridis,NA,1,NA,0,1,2,NA,NA,90.46,NA,5.2,NA,NA,NA,92.28,0.98,NA,4,NA,NA,NA,NA
Reference,Styphelia,Styphelia viridis,NA,1,NA,0,1,2,NA,NA,84,NA,4.15,NA,NA,NA,81.3,1.03,NA,6,NA,NA,NA,NA
Reference,Styphelia,Styphelia viridis,NA,1,NA,0,1,2,NA,NA,61.76,NA,3.29,NA,NA,NA,60.42,1.02,NA,6,NA,NA,NA,NA
Reference,Trochocarpa,Trochocarpa laurina,NA,2,1,3,1,6,38.05,31.9,19.05,NA,1.76,1.19,0.6,NA,NA,NA,NA,5,21.13,0.71,29.76,0.56
Reference,Trochocarpa,Trochocarpa laurina,NA,2,1,3,1,6,39.56,NA,NA,NA,2.49,NA,NA,NA,NA,NA,NA,5,21.14,0.71,29.77,0.53
Reference,Trochocarpa,Trochocarpa laurina,NA,2,1,3,1,6,42.48,33.08,18.51,NA,1.59,1.28,0.56,NA,NA,NA,NA,5,26.08,0.67,38.93,0.61
Reference,Trochocarpa,Trochocarpa laurina,NA,2,1,3,1,6,38.08,NA,NA,NA,1.79,NA,NA,NA,NA,NA,NA,5,24.3,0.81,30,0.64
Reference,Trochocarpa,Trochocarpa laurina,NA,2,1,3,1,6,36.84,28.4,17.62,NA,1.76,1.3,0.62,NA,NA,NA,NA,5,21.68,0.95,22.82,0.59
Reference,Trochocarpa,Trochocarpa laurina,NA,2,1,3,1,6,41.29,32.89,20.11,NA,1.27,1.26,0.61,NA,NA,NA,NA,5,25.76,1.02,25.25,0.62
Reference,Trochocarpa,Trochocarpa laurina,NA,2,1,3,1,6,43.1,34.7,21.78,NA,2.11,1.24,0.63,NA,NA,NA,NA,5,22.89,0.79,28.97,0.53
Reference,Trochocarpa,Trochocarpa laurina,NA,2,1,3,1,6,43.35,32.95,21.78,NA,1.59,1.32,0.66,NA,NA,NA,NA,5,30.83,1.14,27.04,0.71
Reference,Trochocarpa,Trochocarpa laurina,NA,2,1,3,1,6,40.46,32.67,21.52,1.16,1.76,1.24,0.66,1.52,NA,NA,NA,5,23.81,0.73,32.62,0.59
Reference,Trochocarpa,Trochocarpa laurina,NA,2,1,3,1,6,42.14,34.54,22.38,1.11,1.49,1.22,0.65,1.34,NA,NA,NA,5,25.4,0.7,36.29,0.6
Reference,Trochocarpa,Trochocarpa laurina,NA,2,1,3,1,6,42.44,33.37,20.79,1.57,1.75,1.27,0.62,1.11,NA,NA,NA,5,23.13,0.9,25.7,0.55
Reference,Trochocarpa,Trochocarpa laurina,NA,2,1,3,1,6,40.17,30.57,21.25,1.05,1.51,1.31,0.7,1.44,NA,NA,NA,5,23.46,0.7,33.51,0.58
Reference,Trochocarpa,Trochocarpa laurina,NA,2,1,3,1,6,40.08,NA,NA,NA,1.86,NA,NA,NA,NA,NA,NA,5,23.78,0.79,30.1,0.59
Reference,Trochocarpa,Trochocarpa laurina,NA,2,1,3,1,6,41.73,30.35,20.06,1.32,1.63,1.37,0.66,1.23,NA,NA,NA,5,21.78,0.79,27.57,0.52
Reference,Trochocarpa,Trochocarpa laurina,NA,2,1,3,1,6,39.84,31.79,20.48,NA,2.19,1.25,0.64,NA,NA,NA,NA,5,18.24,0.54,33.78,0.46
Reference,Trochocarpa,Trochocarpa laurina,NA,2,1,3,1,6,45.76,33.95,22.9,1.17,1.83,1.35,0.67,1.56,NA,NA,NA,5,25.92,0.73,35.51,0.57
Reference,Trochocarpa,Trochocarpa laurina,NA,2,1,3,1,6,41.84,32.35,20.49,1.38,1.41,1.29,0.63,1.02,NA,NA,NA,5,21.59,0.79,27.33,0.52
Reference,Trochocarpa,Trochocarpa laurina,NA,2,1,3,1,6,39.05,31.83,19.94,0.94,1.84,1.23,0.63,1.96,NA,NA,NA,5,23.08,0.63,36.63,0.59
Reference,Trochocarpa,Trochocarpa laurina,NA,2,1,3,1,6,43.73,36.19,22.35,1.84,2.48,1.21,0.62,1.35,NA,NA,NA,5,23.29,0.79,29.48,0.53
Reference,Trochocarpa,Trochocarpa laurina,NA,2,1,3,1,6,45.05,32.81,21.22,1.19,1.78,1.37,0.65,1.5,NA,NA,NA,5,21.9,1.37,15.99,0.49
Reference,Trochocarpa,Trochocarpa laurina,NA,2,1,3,1,6,39.43,26.75,NA,NA,1.3,1.47,NA,NA,NA,NA,NA,5,23.6,1.27,18.58,0.6
Reference,Trochocarpa,Trochocarpa laurina,NA,2,1,3,1,6,45.95,34.43,21.43,1.38,1.59,1.33,0.62,1.15,NA,NA,NA,5,24.03,NA,NA,0.52
Reference,Trochocarpa,Trochocarpa laurina,NA,2,1,3,1,6,39.62,27.87,19.56,NA,1.35,1.42,0.7,NA,NA,NA,NA,5,19.38,0.95,20.4,0.49
Reference,Trochocarpa,Trochocarpa laurina,NA,2,1,3,1,6,38.78,28.38,19.41,NA,2.19,1.37,0.68,NA,NA,NA,NA,5,19.1,1.27,15.04,0.49
Reference,Trochocarpa,Trochocarpa laurina,NA,2,1,3,1,6,43.63,33.62,21.67,1.87,2.57,1.3,0.64,1.37,NA,NA,NA,5,27.08,0.79,34.28,0.62
Reference,Trochocarpa,Trochocarpa laurina,NA,2,1,3,1,6,40.57,31.11,21.44,1.24,1.54,1.3,0.69,1.24,NA,NA,NA,5,22.98,0.79,29.09,0.57
Reference,Trochocarpa,Trochocarpa laurina,NA,2,1,3,1,6,41.03,32.38,20.48,1.29,1.59,1.27,0.63,1.23,NA,NA,NA,5,24.44,1.14,21.44,0.6
Reference,Trochocarpa,Trochocarpa laurina,NA,2,1,3,1,6,40.48,32.67,20.57,NA,1.75,1.24,0.63,NA,NA,NA,NA,5,19.05,0.95,20.05,0.47
Reference,Trochocarpa,Trochocarpa laurina,NA,2,1,3,1,6,48.38,34.92,NA,NA,1.41,1.39,NA,NA,NA,NA,NA,5,25.32,1.43,17.71,0.52
Reference,Trochocarpa,Trochocarpa laurina,NA,2,1,3,1,6,40.73,31.41,20.21,1.03,1.9,1.3,0.64,1.84,NA,NA,NA,5,22.84,0.92,24.83,0.56
Reference,Trochocarpa,Trochocarpa laurina,NA,2,1,3,1,1,53.6,40.68,27.32,3.87,3.09,1.32,0.67,0.8,NA,NA,NA,5,28.75,1.14,25.22,0.54
Reference,Trochocarpa,Trochocarpa laurina,NA,2,1,3,1,1,50.36,39.59,25.98,3.1,3.48,1.27,0.66,1.12,NA,NA,NA,5,26.81,0.71,37.76,0.53
Reference,Trochocarpa,Trochocarpa laurina,NA,2,1,3,1,1,53.06,40.88,27.2,2.05,3.53,1.3,0.67,1.72,NA,NA,NA,5,29.97,1.27,23.6,0.56
Reference,Trochocarpa,Trochocarpa laurina,NA,2,1,3,1,1,53.61,39.19,29.53,2.27,3.06,1.37,0.75,1.35,NA,NA,NA,5,28.15,1.32,21.33,0.53
Reference,Trochocarpa,Trochocarpa laurina,NA,2,1,3,1,1,53.23,41.72,28.73,1.49,2.84,1.28,0.69,1.91,NA,NA,NA,5,27.26,0.9,30.29,0.51
Reference,Trochocarpa,Trochocarpa laurina,NA,2,1,3,1,1,51.58,33.24,25.84,1.98,2.3,1.55,0.78,1.16,NA,NA,NA,5,21.96,0.83,26.46,0.43
Reference,Trochocarpa,Trochocarpa laurina,NA,2,1,3,1,1,57.94,39.61,29.1,3.44,2.91,1.46,0.73,0.85,NA,NA,NA,5,37.97,1.33,28.55,0.66
Reference,Trochocarpa,Trochocarpa laurina,NA,2,1,3,1,6,52.28,40.79,26.43,3.22,2.95,1.28,0.65,0.92,NA,NA,NA,5,29.66,1.61,18.42,0.57
Reference,Trochocarpa,Trochocarpa laurina,NA,2,1,3,1,1,44.02,32.36,23.33,3.06,4.15,1.36,0.72,1.36,NA,NA,NA,5,21.94,0.92,23.85,0.5
Reference,Trochocarpa,Trochocarpa laurina,NA,2,1,3,1,1,52.35,39.75,28.76,2.65,4.34,1.32,0.72,1.64,NA,NA,NA,5,25.06,0.75,33.41,0.48
Reference,Trochocarpa,Trochocarpa laurina,NA,2,1,3,1,1,51.88,39.83,26.62,1.43,2.7,1.3,0.67,1.89,NA,NA,NA,5,29.46,0.86,34.26,0.57
Reference,Trochocarpa,Trochocarpa laurina,NA,2,1,3,1,0,56.62,40.38,27.43,2.01,3.22,1.4,0.68,1.6,NA,NA,NA,5,24.96,1.13,22.09,0.44
Reference,Trochocarpa,Trochocarpa laurina,NA,2,1,3,1,1,44.41,34.68,23.06,1.48,2.88,1.28,0.66,1.95,NA,NA,NA,5,20.32,0.91,22.33,0.46
Reference,Trochocarpa,Trochocarpa laurina,NA,2,1,3,1,1,43.31,34.71,21.82,2.82,3.91,1.25,0.63,1.39,NA,NA,NA,5,30.76,0.91,33.8,0.71
Reference,Trochocarpa,Trochocarpa laurina,NA,2,1,3,1,1,45.86,35.84,23.86,2.13,2.41,1.28,0.67,1.13,NA,NA,NA,5,23.35,2.54,9.19,0.51
Reference,Trochocarpa,Trochocarpa laurina,NA,2,1,3,1,0,51.78,38.96,25.37,2.3,3.24,1.33,0.65,1.41,NA,NA,NA,5,25.12,1.05,23.92,0.49
Reference,Trochocarpa,Trochocarpa laurina,NA,2,1,3,1,0,50.03,37.2,25.31,2.92,2.67,1.34,0.68,0.91,NA,NA,NA,5,27.89,1.2,23.24,0.56
Reference,Woollsia,Woollsia pungens,NA,2,1,3,1,6,43.76,31.22,22.27,NA,1.59,1.4,0.71,NA,NA,NA,NA,5,18.01,1.79,10.06,0.41
Reference,Woollsia,Woollsia pungens,NA,2,1,3,1,6,41.73,30.17,21.52,NA,1.37,1.38,0.71,NA,NA,NA,NA,5,17.37,1.97,8.82,0.42
Reference,Woollsia,Woollsia pungens,NA,2,1,3,1,6,40.84,31.24,19.22,NA,2.32,1.31,0.62,NA,NA,NA,NA,5,15.03,1.38,10.89,0.37
Reference,Woollsia,Woollsia pungens,NA,2,1,3,1,6,39.05,29.98,20.11,NA,1.81,1.3,0.67,NA,NA,NA,NA,5,17.48,1.65,10.59,0.45
Reference,Woollsia,Woollsia pungens,NA,2,1,3,1,6,44.59,30.97,22.05,NA,1.94,1.44,0.71,NA,NA,NA,NA,5,20.21,2.46,8.22,0.45
Reference,Woollsia,Woollsia pungens,NA,2,1,3,1,6,44.51,31.08,22.4,NA,1.84,1.43,0.72,NA,NA,NA,NA,5,21.84,0.95,22.99,0.49
Reference,Woollsia,Woollsia pungens,NA,2,1,3,1,6,39.41,29.51,19.3,NA,1.68,1.34,0.65,NA,NA,NA,NA,5,14.57,1.22,11.94,0.37
Reference,Woollsia,Woollsia pungens,NA,2,1,3,1,6,42.68,32.25,20.33,NA,1.49,1.32,0.63,NA,NA,NA,NA,5,19.33,2.17,8.91,0.45
Reference,Woollsia,Woollsia pungens,NA,2,1,3,1,6,42.62,30.97,20,NA,1.94,1.38,0.65,NA,NA,NA,NA,5,19.62,1.67,11.75,0.46
Reference,Woollsia,Woollsia pungens,NA,2,1,3,1,6,41.52,32.27,19.98,NA,1.76,1.29,0.62,NA,NA,NA,NA,5,17.95,1.08,16.62,0.43
Reference,Woollsia,Woollsia pungens,NA,2,1,3,1,6,46.13,32.7,22.63,NA,1.76,1.41,0.69,NA,NA,NA,NA,5,21.76,1.67,13.03,0.47
Reference,Woollsia,Woollsia pungens,NA,2,1,3,1,6,49.59,32.76,25.79,NA,2,1.51,0.79,NA,NA,NA,NA,5,20.06,2.86,7.01,0.4
Reference,Woollsia,Woollsia pungens,NA,2,1,3,1,6,40.32,30.19,20.59,NA,1.75,1.34,0.68,NA,NA,NA,NA,5,15.86,1.59,9.97,0.39
Reference,Woollsia,Woollsia pungens,NA,2,1,3,1,6,49.35,32.71,24.41,NA,1.84,1.51,0.75,NA,NA,NA,NA,5,20.98,2.81,7.47,0.43
Reference,Woollsia,Woollsia pungens,NA,2,1,3,1,6,43.59,31.33,22.98,NA,1.71,1.39,0.73,NA,NA,NA,NA,5,20.89,1.7,12.29,0.48
Reference,Woollsia,Woollsia pungens,NA,2,1,3,1,6,42.65,31.25,20.32,NA,1.97,1.36,0.65,NA,NA,NA,NA,5,21.14,2.4,8.81,0.5
Reference,Woollsia,Woollsia pungens,NA,2,1,3,1,6,48.56,33.37,23.46,NA,1.59,1.46,0.7,NA,NA,NA,NA,5,20.3,1.08,18.8,0.42
Reference,Woollsia,Woollsia pungens,NA,2,1,3,1,6,42.19,29.78,22.86,2.1,2.05,1.42,0.77,0.98,NA,NA,NA,5,23.16,0.98,23.63,0.55
Reference,Woollsia,Woollsia pungens,NA,2,1,3,1,6,41.41,31.46,22,1.81,1.43,1.32,0.7,0.79,NA,NA,NA,5,18.6,1.16,16.03,0.45
Reference,Woollsia,Woollsia pungens,NA,2,1,3,1,6,44.46,33.06,23.3,2.19,2.1,1.34,0.7,0.96,NA,NA,NA,5,18.48,1.56,11.85,0.42
Reference,Woollsia,Woollsia pungens,NA,2,1,3,1,6,43.06,32.14,22.59,1.97,1.97,1.34,0.7,1,NA,NA,NA,5,19.25,2.22,8.67,0.45
Reference,Woollsia,Woollsia pungens,NA,2,1,3,1,6,46.81,34.05,23.13,1.54,1.98,1.37,0.68,1.29,NA,NA,NA,5,16.7,1.59,10.5,0.36
Reference,Woollsia,Woollsia pungens,NA,2,1,3,1,6,44.83,34.95,24.17,2.14,2.21,1.28,0.69,1.03,NA,NA,NA,5,21.63,1.03,21,0.48
Reference,Woollsia,Woollsia pungens,NA,2,1,3,1,6,45.89,33.52,23.94,1.57,1.33,1.37,0.71,0.85,NA,NA,NA,5,20.03,1.08,18.55,0.44
Reference,Woollsia,Woollsia pungens,NA,2,1,3,1,6,47.19,34.1,22.92,2,2.19,1.38,0.67,1.1,NA,NA,NA,5,18.25,0.95,19.21,0.39
Reference,Woollsia,Woollsia pungens,NA,2,1,3,1,6,43.27,33.48,23.03,1.59,1.87,1.29,0.69,1.18,NA,NA,NA,5,18.57,0.73,25.44,0.43
Reference,Woollsia,Woollsia pungens,NA,2,1,3,1,6,47.95,36.24,25.54,1.75,1.84,1.32,0.7,1.05,NA,NA,NA,5,21.81,0.73,29.88,0.45
Reference,Woollsia,Woollsia pungens,NA,2,1,3,1,6,45.1,35.05,23.9,1.27,1.78,1.29,0.68,1.4,NA,NA,NA,5,18.73,1.11,16.87,0.42
Reference,Woollsia,Woollsia pungens,NA,2,1,3,1,6,47.81,34.95,25.24,2.11,1.62,1.37,0.72,0.77,NA,NA,NA,5,18.89,0.94,20.1,0.4
Reference,Woollsia,Woollsia pungens,NA,2,1,3,1,6,38.98,29.98,19.73,1.51,1.94,1.3,0.66,1.28,NA,NA,NA,5,20.1,0.79,25.44,0.52
Reference,Woollsia,Woollsia pungens,NA,2,1,3,1,6,43.3,34.57,23.65,1.56,1.76,1.25,0.68,1.13,NA,NA,NA,5,18.4,0.95,19.37,0.42
Reference,Woollsia,Woollsia pungens,NA,2,1,3,1,6,46.19,34.56,24.21,2.14,1.59,1.34,0.7,0.74,NA,NA,NA,5,20.63,0.95,21.72,0.45
Reference,Woollsia,Woollsia pungens,NA,2,1,3,1,6,41.19,32.6,23.19,2.44,2.22,1.26,0.71,0.91,NA,NA,NA,5,19.83,0.79,25.1,0.48
Reference,Woollsia,Woollsia pungens,NA,2,1,3,1,6,45.63,34.68,23.97,1.98,1.68,1.32,0.69,0.85,NA,NA,NA,5,16.19,1.59,10.18,0.35
Reference,Woollsia,Woollsia pungens,NA,2,1,3,1,6,53.78,39.06,25.67,2.08,1.83,1.38,0.66,0.88,NA,NA,NA,5,25.35,0.89,28.48,0.47
Reference,Woollsia,Woollsia pungens,NA,2,1,3,1,6,43.02,34.54,21.67,1.81,2.03,1.25,0.63,1.12,NA,NA,NA,5,19.22,0.86,22.35,0.45
Reference,Woollsia,Woollsia pungens,NA,2,1,3,1,6,45.59,30.11,23.21,NA,1.78,1.51,0.77,NA,NA,NA,NA,5,19.75,1.11,17.79,0.43
Reference,Woollsia,Woollsia pungens,NA,2,1,3,1,6,48.98,31.62,22.46,NA,2.22,1.55,0.71,NA,NA,NA,NA,5,16.22,0.95,17.07,0.33
Reference,Woollsia,Woollsia pungens,NA,2,1,3,1,6,58.24,37.48,28.79,NA,1.9,1.55,0.77,NA,NA,NA,NA,5,23.49,1.46,16.09,0.4
Reference,Woollsia,Woollsia pungens,NA,2,1,3,1,6,48.48,33.67,23.94,NA,1.48,1.44,0.71,NA,NA,NA,NA,5,20.37,1.11,18.35,0.42
Reference,Woollsia,Woollsia pungens,NA,2,1,3,1,0,57.75,42.46,28.64,3.25,5.32,1.36,0.67,1.64,NA,NA,NA,5,26.69,1.54,17.33,0.46
Reference,Woollsia,Woollsia pungens,NA,2,1,3,1,1,54.14,44.01,29.35,3.7,4.2,1.23,0.67,1.14,NA,NA,NA,5,29.46,0.94,31.34,0.54
Reference,Woollsia,Woollsia pungens,NA,2,1,3,1,0,59.69,47.45,31.25,2.02,3.52,1.26,0.66,1.74,NA,NA,NA,5,35.52,1.02,34.82,0.6
Reference,Woollsia,Woollsia pungens,NA,2,1,3,1,1,55.69,46.11,30.48,4.45,3.93,1.21,0.66,0.88,NA,NA,NA,5,25.27,0.95,26.6,0.45
Reference,Woollsia,Woollsia pungens,NA,2,1,3,1,1,51.51,38.92,26.6,2.23,3.21,1.32,0.68,1.44,NA,NA,NA,5,23.64,1.63,14.5,0.46
Reference,Woollsia,Woollsia pungens,NA,2,1,3,1,1,54.42,46.93,32.06,4.36,3.59,1.16,0.68,0.82,NA,NA,NA,5,22.47,1.04,21.61,0.41
Reference,Woollsia,Woollsia pungens,NA,2,1,3,1,1,54.68,46.54,37.21,4.63,5.2,1.17,0.8,1.12,NA,NA,NA,5,25.47,1.05,24.26,0.47
Reference,Woollsia,Woollsia pungens,NA,2,1,3,1,1,58.25,45.82,30.97,3.83,2.65,1.27,0.68,0.69,NA,NA,NA,5,28.99,1.03,28.15,0.5
Reference,Woollsia,Woollsia pungens,NA,2,1,3,1,1,55.89,44.87,30.25,3.86,5.09,1.25,0.67,1.32,NA,NA,NA,5,23.38,1.1,21.25,0.42
Reference,Woollsia,Woollsia pungens,NA,2,1,3,1,1,60.77,45.55,32.29,2.59,3.31,1.33,0.71,1.28,NA,NA,NA,5,34.33,1.18,29.09,0.56
Reference,Woollsia,Woollsia pungens,NA,2,1,3,1,1,54.77,44.73,28.68,2.57,3.11,1.22,0.64,1.21,NA,NA,NA,5,22.73,0.99,22.96,0.42
Reference,Woollsia,Woollsia pungens,NA,2,1,3,1,1,58.19,46.72,30.43,2.87,3.59,1.25,0.65,1.25,NA,NA,NA,5,25.61,0.76,33.7,0.44
Reference,Woollsia,Woollsia pungens,NA,2,1,3,1,0,59.19,46.61,31.08,4.44,3.78,1.27,0.67,0.85,NA,NA,NA,5,26.54,0.83,31.98,0.45
Reference,Woollsia,Woollsia pungens,NA,2,1,3,1,1,51.29,41.08,28.92,3.81,3.15,1.25,0.7,0.83,NA,NA,NA,5,24.95,1.13,22.08,0.49
Reference,Woollsia,Woollsia pungens,NA,2,1,3,1,1,54.59,40.18,27.59,4.49,4.2,1.36,0.69,0.94,NA,NA,NA,5,23.93,1.2,19.94,0.44
Reference,Woollsia,Woollsia pungens,NA,2,1,3,1,0,52.69,38.48,25.78,2.99,3.24,1.37,0.67,1.08,NA,NA,NA,5,20.37,0.83,24.54,0.39
Reference,Woollsia,Woollsia pungens,NA,2,1,3,1,4,53.36,39.72,27.14,4.47,2.65,1.34,0.68,0.59,NA,NA,NA,5,24.58,3.96,6.21,0.46
Reference,Woollsia,Woollsia pungens,NA,2,1,3,1,1,60.03,43.9,30.99,2.67,3.31,1.37,0.71,1.24,NA,NA,NA,5,21.79,0.97,22.46,0.36
Reference,Woollsia,Woollsia pungens,NA,2,1,3,1,0,53.94,40.99,27.65,3.87,6.25,1.32,0.67,1.61,NA,NA,NA,5,28.16,0.69,40.81,0.52
Reference,Woollsia,Woollsia pungens,NA,2,1,3,1,1,53.01,41.56,29,3.49,5.15,1.28,0.7,1.48,NA,NA,NA,5,24.18,1.07,22.6,0.46
Reference,Woollsia,Woollsia pungens,NA,2,1,3,1,0,58.71,44.46,30.66,4.59,3.05,1.32,0.69,0.66,NA,NA,NA,5,29.6,0.83,35.66,0.5
Reference,Woollsia,Woollsia pungens,NA,2,1,3,1,1,57.76,46.49,30.25,4.14,4.04,1.24,0.65,0.98,NA,NA,NA,5,23.89,0.97,24.63,0.41
Reference,Woollsia,Woollsia pungens,NA,2,1,3,1,1,52.11,40.57,26.23,4.34,3.51,1.28,0.65,0.81,NA,NA,NA,5,23.26,1.84,12.64,0.45
Reference,Woollsia,Woollsia pungens,NA,2,1,3,1,1,53.13,38.72,28.17,3.27,4.76,1.37,0.73,1.46,NA,NA,NA,5,22,1.12,19.64,0.41
BW 75-76 (cm),NA,NA,Type 1,2,1,3,3,0,19.32,14.62,10.69,1.36,2.42,1.32,0.73,1.78,NA,NA,NA,5,12.59,0.54,23.31,0.65
BW 75-76 (cm),NA,NA,Type 1,2,1,3,3,0,17.79,12.87,10.3,1.55,2.08,1.38,0.8,1.34,NA,NA,NA,5,NA,NA,NA,NA
BW 75-76 (cm),NA,NA,Type 1,2,1,3,3,0,16.38,14.27,9.79,0.93,1.82,1.15,0.69,1.96,NA,NA,NA,5,13.99,0.77,18.17,0.85
BW 75-76 (cm),NA,NA,Type 1,2,1,3,3,0,19.69,13.46,10.02,1.01,1.71,1.46,0.74,1.69,NA,NA,NA,5,13.43,0.71,18.92,0.68
BW 75-76 (cm),NA,NA,Type 1,2,1,3,3,0,16.93,13.24,9.1,0.75,1.18,1.28,0.69,1.57,NA,NA,NA,5,12.55,0.71,17.68,0.74
BW 75-76 (cm),NA,NA,Type 1,2,1,3,3,0,20.55,15.5,12.11,1.28,1.43,1.33,0.78,1.12,NA,NA,NA,5,17.81,0.74,24.07,0.87
BW 75-76 (cm),NA,NA,Type 1,2,1,3,3,0,15.54,14.07,9.77,1.07,1.7,1.1,0.69,1.59,NA,NA,NA,5,13.37,0.65,20.57,0.86
BW 75-76 (cm),NA,NA,Type 1,2,1,3,3,0,21.87,16.35,11.42,1.14,1.68,1.34,0.7,1.47,NA,NA,NA,5,12.34,0.76,16.24,0.56
BW 75-76 (cm),NA,NA,Type 1,2,1,3,3,0,15.2,13.06,8.16,1.05,1.93,1.16,0.62,1.84,NA,NA,NA,5,9.81,0.62,15.82,0.65
BW 75-76 (cm),NA,NA,Type 1,2,1,3,3,0,21.4,17.09,11.74,1.9,2.13,1.25,0.69,1.12,NA,NA,NA,5,NA,NA,NA,NA
BW 75-76 (cm),NA,NA,Type 1,2,1,3,3,0,17.84,12.78,9.22,1.27,1.38,1.4,0.72,1.09,NA,NA,NA,5,11.55,0.57,20.26,0.65
BW 75-76 (cm),NA,NA,Type 1,2,1,3,3,0,20.14,14.67,10.91,1.13,2.13,1.37,0.74,1.88,NA,NA,NA,5,NA,0.65,NA,NA
BW 75-76 (cm),NA,NA,Type 1,2,1,3,3,0,17.76,12.19,8.88,1.15,1.15,1.46,0.73,1,NA,NA,NA,5,12.49,0.78,16.01,0.7
BW 80-81 (cm),NA,NA,Type 1,2,1,3,3,0,18.81,14.39,9.63,1.43,2.31,1.31,0.67,1.62,NA,NA,NA,5,8.89,0.7,12.7,0.47
BW 80-81 (cm),NA,NA,Type 1,2,1,3,3,0,20.35,13.72,11.54,0.8,1.31,1.48,0.84,1.64,NA,NA,NA,5,10.83,0.74,14.64,0.53
BW 80-81 (cm),NA,NA,Type 1,2,1,3,3,0,18.13,14.8,9.88,1.15,1.77,1.23,0.67,1.54,NA,NA,NA,5,10.69,0.65,16.45,0.59
BW 90-91 (cm),NA,NA,Type 1,2,1,3,3,0,18.13,14.16,8.83,0.98,2.06,1.28,0.62,2.1,NA,NA,NA,5,11.98,0.87,13.77,0.66
BW 90-91 (cm),NA,NA,Type 1,2,1,3,3,0,19.47,15.19,11.03,1.65,1.72,1.28,0.73,1.04,NA,NA,NA,5,12.8,0.81,15.8,0.66
BW 90-91 (cm),NA,NA,Type 1,2,1,3,3,0,17.34,14.77,9.06,1.04,1.16,1.17,0.61,1.12,NA,NA,NA,5,13.27,0.55,24.13,0.77
BW 90-91 (cm),NA,NA,Type 1,2,1,3,3,0,19.72,13.61,10.59,1.67,2.5,1.45,0.78,1.5,NA,NA,NA,5,12.41,0.81,15.32,0.63
BW 90-91 (cm),NA,NA,Type 1,2,1,3,3,0,15.69,13.04,8.71,0.97,1.67,1.2,0.67,1.72,NA,NA,NA,5,8.93,0.42,21.26,0.57
BW 90-91 (cm),NA,NA,Type 1,2,1,3,3,0,19.22,15.09,10.06,0.93,1.85,1.27,0.67,1.99,NA,NA,NA,5,15.15,0.72,21.04,0.79
BW 90-91 (cm),NA,NA,Type 1,2,1,3,3,0,17.96,14.82,10.26,1.14,2.15,1.21,0.69,1.89,NA,NA,NA,5,13.76,0.66,20.85,0.77
BW 90-91 (cm),NA,NA,Type 1,2,1,3,3,0,19.4,14.73,10.04,1.15,1.61,1.32,0.68,1.4,NA,NA,NA,5,13.25,0.52,25.48,0.68
BW 90-91 (cm),NA,NA,Type 1,2,1,3,3,0,18.65,14.02,9.69,0.93,1.94,1.33,0.69,2.09,NA,NA,NA,5,11.75,0.49,23.98,0.63
BW 90-91 (cm),NA,NA,Type 1,2,1,3,3,0,18.72,14.21,10.92,1.19,2.03,1.32,0.77,1.71,NA,NA,NA,5,10.85,0.44,24.66,0.58
BW 90-91 (cm),NA,NA,Type 1,2,1,3,3,0,20.18,13.88,10.38,NA,2.23,1.45,0.75,NA,NA,NA,NA,5,13.6,0.63,21.59,0.67
BW 90-91 (cm),NA,NA,Type 1,2,1,3,3,0,20.49,13.48,11.59,NA,1.46,1.52,0.86,NA,NA,NA,NA,5,11.74,0.61,19.25,0.57
BW 90-91 (cm),NA,NA,Type 1,2,1,3,3,0,14.48,11.82,9.15,0.8,1.42,1.23,0.77,1.78,NA,NA,NA,5,8.92,0.69,12.93,0.62
BW 90-91 (cm),NA,NA,Type 1,2,1,3,3,0,18.76,13.34,10.06,1.81,1.83,1.41,0.75,1.01,NA,NA,NA,5,12.67,0.6,21.12,0.68
BW 90-91 (cm),NA,NA,Type 1,2,1,3,3,0,18.48,16.02,9.53,1.21,1.76,1.15,0.59,1.45,NA,NA,NA,5,12.45,0.56,22.23,0.67
BW 90-91 (cm),NA,NA,Type 1,2,1,3,3,0,19.87,14.8,10.98,0.92,1.35,1.34,0.74,1.47,NA,NA,NA,5,15.21,0.72,21.13,0.77
BW 90-91 (cm),NA,NA,Type 1,2,1,3,3,0,20.95,13.77,11.41,1.2,0.96,1.52,0.83,0.8,NA,NA,NA,5,12.43,0.64,19.42,0.59
BW 90-91 (cm),NA,NA,Type 1,2,1,3,3,0,20.82,14.91,11.45,1.27,1.95,1.4,0.77,1.54,NA,NA,NA,5,14.64,0.77,19.01,0.7
BW 90-91 (cm),NA,NA,Type 1,2,1,3,3,0,17.81,12.29,8.94,1.01,1.31,1.45,0.73,1.3,NA,NA,NA,5,14,0.75,18.67,0.79
BW 90-91 (cm),NA,NA,Type 1,2,1,3,3,0,19.8,14.47,12.71,1.61,2.45,1.37,0.88,1.52,NA,NA,NA,5,12.72,0.59,21.56,0.64
BW 90-91 (cm),NA,NA,Type 1,2,1,3,3,0,16.81,13.63,8.75,0.91,1.44,1.23,0.64,1.58,NA,NA,NA,5,13.35,0.75,17.8,0.79
BW 90-91 (cm),NA,NA,Type 1,2,1,3,3,0,19.25,13.39,10.65,0.77,1.09,1.44,0.8,1.42,NA,NA,NA,5,15.27,0.76,20.09,0.79
BW 90-91 (cm),NA,NA,Type 1,2,1,3,3,0,19.89,16.08,9.69,1.78,2.27,1.24,0.6,1.28,NA,NA,NA,5,14.33,0.83,17.27,0.72
BW 90-91 (cm),NA,NA,Type 1,2,1,3,3,0,21.23,16.06,12.49,1.3,1.7,1.32,0.78,1.31,NA,NA,NA,5,13.92,0.72,19.33,0.66
BW 90-91 (cm),NA,NA,Type 1,2,1,3,3,0,18.67,14.71,10.81,1.07,2.16,1.27,0.73,2.02,NA,NA,NA,5,11.28,0.61,18.49,0.6
BW 90-91 (cm),NA,NA,Type 1,2,1,3,3,0,18.18,13.59,8.6,1.14,1.27,1.34,0.63,1.11,NA,NA,NA,5,12.72,0.64,19.88,0.7
BW 90-91 (cm),NA,NA,Type 1,2,1,3,3,0,18.29,13.49,11.31,0.94,1.54,1.36,0.84,1.64,NA,NA,NA,5,11.23,0.6,18.72,0.61
BW 90-91 (cm),NA,NA,Type 1,2,1,3,3,0,17.61,12.76,9.52,1.27,1.91,1.38,0.75,1.5,NA,NA,NA,5,10.8,0.42,25.71,0.61
BW 90-91 (cm),NA,NA,Type 1,2,1,3,3,0,18.4,14.83,9.13,1.08,2.1,1.24,0.62,1.94,NA,NA,NA,5,13.19,0.83,15.89,0.72
BW 90-91 (cm),NA,NA,Type 1,2,1,3,3,0,21.17,15.47,11.6,1.47,1.77,1.37,0.75,1.2,NA,NA,NA,5,14.77,0.62,23.82,0.7
BW 90-91 (cm),NA,NA,Type 1,2,1,3,3,0,19.56,14.98,10.74,1.55,1.57,1.31,0.72,1.01,NA,NA,NA,5,12.53,0.57,21.98,0.64
BW 90-91 (cm),NA,NA,Type 1,2,1,3,3,0,19.42,14.68,11.38,1.11,1.69,1.32,0.78,1.52,NA,NA,NA,5,13.06,0.76,17.18,0.67
BW 90-91 (cm),NA,NA,Type 1,2,1,3,3,0,17.93,13.61,9.84,1.54,1.44,1.32,0.72,0.94,NA,NA,NA,5,12.93,0.66,19.59,0.72
BW 90-91 (cm),NA,NA,Type 1,2,1,3,3,0,18.44,15.02,10.26,1.45,1.62,1.23,0.68,1.12,NA,NA,NA,5,13.36,0.64,20.88,0.72
BW 90-91 (cm),NA,NA,Type 1,2,1,3,3,0,19.85,14.75,10.98,1.56,1.8,1.35,0.74,1.15,NA,NA,NA,5,10.24,0.64,16,0.52
BW 90-91 (cm),NA,NA,Type 1,2,1,3,3,0,20.22,16.08,11.97,1.52,2.07,1.26,0.74,1.36,NA,NA,NA,5,13.04,0.64,20.38,0.64
BW 90-91 (cm),NA,NA,Type 1,2,1,3,3,0,17.11,14.03,9.9,1.54,2.11,1.22,0.71,1.37,NA,NA,NA,5,11.51,0.83,13.87,0.67
BW 90-91 (cm),NA,NA,Type 1,2,1,3,3,0,18.14,13.69,9.81,1.69,2.22,1.33,0.72,1.31,NA,NA,NA,5,11.46,0.62,18.48,0.63
BW 95-96 (cm),NA,NA,Type 1,2,1,3,3,0,17.7,14.82,9.44,1.44,2.2,1.19,0.64,1.53,NA,NA,NA,5,13.37,0.82,16.3,0.76
BW 95-96 (cm),NA,NA,Type 1,2,1,3,3,0,23.48,14.86,12.58,1.22,1.52,1.58,0.85,1.25,NA,NA,NA,5,15.64,0.98,15.96,0.67
BW 95-96 (cm),NA,NA,Type 1,2,1,3,3,0,17.27,13.11,11.57,1.05,2.19,1.32,0.88,2.09,NA,NA,NA,5,11,0.67,16.42,0.64
BW 95-96 (cm),NA,NA,Type 1,2,1,3,3,0,17.29,13.63,11.59,1.01,2.55,1.27,0.85,2.52,NA,NA,NA,5,12.94,0.71,18.23,0.75
BW 95-96 (cm),NA,NA,Type 1,2,1,3,3,0,18.4,14.36,11.18,1.45,2.27,1.28,0.78,1.57,NA,NA,NA,5,12.58,0.7,17.97,0.68
BW 95-96 (cm),NA,NA,Type 1,2,1,3,3,0,17.03,12.31,8.77,1.22,1.83,1.38,0.71,1.5,NA,NA,NA,5,NA,NA,NA,NA
BW 95-96 (cm),NA,NA,Type 1,2,1,3,3,0,18.81,14.15,10.42,1.05,1.86,1.33,0.74,1.77,NA,NA,NA,5,11.54,0.58,19.9,0.61
BW 95-96 (cm),NA,NA,Type 1,2,1,3,3,0,17.81,11.67,10.69,0.73,1.4,1.53,0.92,1.92,NA,NA,NA,5,13.25,0.7,18.93,0.74
BW 95-96 (cm),NA,NA,Type 1,2,1,3,3,0,20.58,15.48,11.42,1.27,1.61,1.33,0.74,1.27,NA,NA,NA,5,14.96,0.84,17.81,0.73
BW 95-96 (cm),NA,NA,Type 1,2,1,3,3,0,17.72,13.53,10.33,1.12,1.89,1.31,0.76,1.69,NA,NA,NA,5,11.96,0.77,15.53,0.67
BW 95-96 (cm),NA,NA,Type 1,2,1,3,3,0,18.78,14.03,10.67,1.28,1.45,1.34,0.76,1.13,NA,NA,NA,5,11.93,0.52,22.94,0.64
BW 95-96 (cm),NA,NA,Type 1,2,1,3,3,0,19.4,14.79,10.83,1.4,2.18,1.31,0.73,1.56,NA,NA,NA,5,12.22,0.76,16.08,0.63
BW 95-96 (cm),NA,NA,Type 1,2,1,3,3,0,19.51,15.61,10.91,1.84,2.76,1.25,0.7,1.5,NA,NA,NA,5,11.58,0.74,15.65,0.59
BW 95-96 (cm),NA,NA,Type 1,2,1,3,3,0,19.64,15.2,11.11,1.02,1.54,1.29,0.73,1.51,NA,NA,NA,5,12.8,1,12.8,0.65
BW 95-96 (cm),NA,NA,Type 1,2,1,3,3,1,20.12,15.27,12.52,1.37,1.78,1.32,0.82,1.3,NA,NA,NA,5,10.79,0.79,13.66,0.54
BW 95-96 (cm),NA,NA,Type 1,2,1,3,3,1,21.13,15.43,11.41,1.85,1.79,1.37,0.74,0.97,NA,NA,NA,5,13.59,0.52,26.13,0.64
BW 95-96 (cm),NA,NA,Type 1,2,1,3,3,1,22.14,14.71,12.49,1.05,1.98,1.51,0.85,1.89,NA,NA,NA,5,12.44,0.96,12.96,0.56
BW 95-96 (cm),NA,NA,Type 1,2,1,3,3,1,19.22,14.76,10.32,1.49,1.62,1.3,0.7,1.09,NA,NA,NA,5,13.16,1.03,12.78,0.68
BW 95-96 (cm),NA,NA,Type 1,2,1,3,3,1,18.28,12.47,10.02,1.02,1.18,1.47,0.8,1.16,NA,NA,NA,5,11.43,0.84,13.61,0.63
BW 95-96 (cm),NA,NA,Type 1,2,1,3,3,0,16.91,12.4,9.28,1.04,1.48,1.36,0.75,1.42,NA,NA,NA,5,12.07,0.64,18.86,0.71
BW 95-96 (cm),NA,NA,Type 1,2,1,3,3,0,17.57,11.83,10.34,1.09,1.33,1.49,0.87,1.22,NA,NA,NA,5,11.23,0.51,22.02,0.64
BW 95-96 (cm),NA,NA,Type 1,2,1,3,3,0,16.71,12.77,8.88,1.11,1.66,1.31,0.7,1.5,NA,NA,NA,5,11.42,0.65,17.57,0.68
BW 95-96 (cm),NA,NA,Type 1,2,1,3,3,0,16.89,13.15,10.9,0.96,1.25,1.28,0.83,1.3,NA,NA,NA,5,10.16,0.76,13.37,0.6
BW 100-101 (cm),NA,NA,Type 1,2,1,3,3,0,18.21,10.75,8.7,1.33,1.4,NA,NA,NA,NA,NA,NA,5,11.32,0.6,NA,NA
BW 100-101 (cm),NA,NA,Type 1,2,1,3,3,0,20.06,12.88,10,1.42,1.71,1.56,0.78,1.2,NA,NA,NA,5,12.35,0.6,20.58,0.62
BW 100-101 (cm),NA,NA,Type 1,2,1,3,3,0,19.39,12.88,10.78,1.65,1.62,1.51,0.84,0.98,NA,NA,NA,5,12.82,0.81,15.83,0.66
BW 100-101 (cm),NA,NA,Type 1,2,1,3,3,0,16.85,12.04,8.36,1.09,1.38,1.4,0.69,1.27,NA,NA,NA,5,10.66,0.68,15.68,0.63
BW 100-101 (cm),NA,NA,Type 1,2,1,3,3,0,19.39,15.72,10.51,1.17,1.67,1.23,0.67,1.43,NA,NA,NA,5,10.38,0.42,24.71,0.54
BW 100-101 (cm),NA,NA,Type 1,2,1,3,3,0,19.68,14.84,10.7,1.14,1.92,1.33,0.72,1.68,NA,NA,NA,5,14.54,0.88,16.52,0.74
BW 100-101 (cm),NA,NA,Type 1,2,1,3,3,0,16.55,12.32,9.73,1.18,1.59,1.34,0.79,1.35,NA,NA,NA,5,9.71,0.67,14.49,0.59
BW 100-101 (cm),NA,NA,Type 1,2,1,3,3,0,17.43,12.89,10.38,0.95,1.35,1.35,0.81,1.42,NA,NA,NA,5,11.29,0.47,24.02,0.65
BW 100-101 (cm),NA,NA,Type 1,2,1,3,3,0,17.16,12.5,10.02,1.07,1.69,1.37,0.8,1.58,NA,NA,NA,5,12.31,0.71,17.34,0.72
BW 100-101 (cm),NA,NA,Type 1,2,1,3,3,0,19.07,12.82,9.38,1.25,1.9,1.49,0.73,1.52,NA,NA,NA,5,11.96,0.82,14.59,0.63
BW 100-101 (cm),NA,NA,Type 1,2,1,3,3,0,17.6,11.88,8.67,0.72,1.23,1.48,0.73,1.71,NA,NA,NA,5,14.18,0.91,15.58,0.81
BW 100-101 (cm),NA,NA,Type 1,2,1,3,3,0,17.04,12.35,8.22,1.17,1.69,1.38,0.67,1.44,NA,NA,NA,5,8.76,0.62,14.13,0.51
BW 100-101 (cm),NA,NA,Type 1,2,1,3,3,0,15.98,12.34,9.32,1.39,1.45,1.29,0.76,1.04,NA,NA,NA,5,9.39,0.75,12.52,0.59
BW 100-101 (cm),NA,NA,Type 1,2,1,3,3,0,15.48,12.63,8.84,1.1,1.99,1.23,0.7,1.81,NA,NA,NA,5,10.79,0.59,18.29,0.7
BW 100-101 (cm),NA,NA,Type 1,2,1,3,3,0,17.79,11.7,8.92,0.87,1.09,1.52,0.76,1.25,NA,NA,NA,5,12.75,0.69,18.48,0.72
BW 100-101 (cm),NA,NA,Type 1,2,1,3,3,0,18.92,13.36,10.25,1.12,1.46,1.42,0.77,1.3,NA,NA,NA,5,12.24,0.78,15.69,0.65
BW 100-101 (cm),NA,NA,Type 1,2,1,3,3,0,15.58,11.82,8.92,1.1,1.39,1.32,0.75,1.26,NA,NA,NA,5,11.51,0.63,18.27,0.74
BW 100-101 (cm),NA,NA,Type 1,2,1,3,3,0,19.1,13.91,10.85,2,1.92,1.37,0.78,0.96,NA,NA,NA,5,13.39,0.74,18.09,0.7
BW 100-101 (cm),NA,NA,Type 1,2,1,3,3,0,18.76,12.62,9.78,1.12,1.75,1.49,0.77,1.56,NA,NA,NA,5,11.74,0.64,18.34,0.63
BW 100-101 (cm),NA,NA,Type 1,2,1,3,3,0,19.46,13.7,9.31,1.62,1.69,1.42,0.68,1.04,NA,NA,NA,5,12.98,0.76,17.08,0.67
BW 105-106 (cm),NA,NA,Type 1,2,1,3,3,0,16.41,11.5,9.2,1,1.21,NA,NA,NA,NA,NA,NA,5,10.14,0.56,NA,NA
BW 105-106 (cm),NA,NA,Type 1,2,1,3,3,0,18.48,14.56,10.84,1.23,1.08,NA,NA,NA,NA,NA,NA,5,13.27,0.76,NA,NA
BW 105-106 (cm),NA,NA,Type 1,2,1,3,3,0,20.55,14.06,10.1,0.79,1.04,1.46,0.72,1.32,NA,NA,NA,5,15.98,0.68,23.5,0.78
BW 105-106 (cm),NA,NA,Type 1,2,1,3,3,0,16.52,11.54,9.04,0.93,1.22,1.43,0.78,NA,NA,NA,NA,5,12.66,0.71,17.83,0.77
BW 105-106 (cm),NA,NA,Type 1,2,1,3,3,0,19.54,13.53,11.01,0.75,0.89,1.44,0.81,0.96,NA,NA,NA,5,14.49,0.63,23,0.74
BW 105-106 (cm),NA,NA,Type 1,2,1,3,3,0,20.64,15.26,10.89,0.94,1.06,1.35,0.71,1.13,NA,NA,NA,5,13.53,0.53,25.53,0.66
LS B2 17-18,NA,NA,Type 1,2,1,3,1,0,21.71,17.25,11.26,1.47,1.88,NA,NA,NA,NA,NA,NA,5,14.12,0.75,NA,NA
LS B2 17-18,NA,NA,Type 1,2,1,3,3,0,22.28,17.46,13.8,1.24,2.05,NA,NA,NA,NA,NA,NA,5,17.09,0.93,NA,NA
LS B2 17-18,NA,NA,Type 1,2,1,3,3,0,20.71,15.14,10.49,1.36,2.27,1.37,0.69,1.67,NA,NA,NA,5,14.88,0.66,22.55,0.72
LS B2 17-18,NA,NA,Type 1,2,1,3,3,0,19.66,14.38,9.37,1.16,1.78,1.37,0.65,1.53,NA,NA,NA,5,13.56,0.8,16.95,0.69
LS B2 17-18,NA,NA,Type 1,2,1,3,3,0,20.62,13.67,10.68,1.34,1.6,1.51,0.78,1.19,NA,NA,NA,5,12.9,0.69,18.7,0.63
LS B2 17-18,NA,NA,Type 1,2,1,3,3,0,22.59,17.75,11.1,1.26,2.6,1.27,0.63,2.06,NA,NA,NA,5,12.68,0.67,18.93,0.56
LS B2 17-18,NA,NA,Type 1,2,1,3,3,0,21.23,14.39,10.94,1.29,2.18,1.48,0.76,1.69,NA,NA,NA,5,14.26,0.82,17.39,0.67
LS B2 17-18,NA,NA,Type 1,2,1,3,3,0,20.61,12.92,12.02,0.96,1.61,1.6,0.93,1.68,NA,NA,NA,5,15.03,0.7,21.47,0.73
LS B2 17-18,NA,NA,Type 1,2,1,3,3,0,23.85,15.62,12.89,1.28,1.67,1.53,0.83,1.3,NA,NA,NA,5,17.75,0.81,21.91,0.74
LS B2 26-27 A,NA,NA,Type 1,2,1,3,3,0,18.84,14.9,9.67,1.55,1.54,1.26,0.65,0.99,NA,NA,NA,5,11.83,0.63,18.78,0.63
LS B2 26-27 A,NA,NA,Type 1,2,1,3,3,0,19.83,14.94,10.21,1.15,2.26,1.33,0.68,1.97,NA,NA,NA,5,11.57,0.71,16.3,0.58
LS B2 26-27 A,NA,NA,Type 1,2,1,3,3,0,20.79,14.62,10.73,1.17,1.8,1.42,0.73,1.54,NA,NA,NA,5,13.39,0.84,15.94,0.64
LS B2 26-27 A,NA,NA,Type 1,2,1,3,3,0,16.79,13.92,8.8,2.26,1.87,1.21,0.63,0.83,NA,NA,NA,5,12.31,0.52,23.67,0.73
LS B2 26-27 A,NA,NA,Type 1,2,1,3,3,0,21.86,13.72,10.35,1.38,1.5,1.59,0.75,1.09,NA,NA,NA,5,14.51,0.85,17.07,0.66
LS B2 26-27 A,NA,NA,Type 1,2,1,3,3,0,21.54,15.83,12.77,0.83,1.17,1.36,0.81,1.41,NA,NA,NA,5,15.7,0.71,22.11,0.73
LS B2 26-27 A,NA,NA,Type 1,2,1,3,3,0,19.42,13.43,11.46,1.12,1.47,1.45,0.85,1.31,NA,NA,NA,5,12.51,0.64,19.55,0.64
LS B2 26-27 A,NA,NA,Type 1,2,1,3,3,0,19.74,16.83,11.91,1.03,1.59,1.17,0.71,1.54,NA,NA,NA,5,11.72,0.71,16.51,0.59
LS B2 26-27 A,NA,NA,Type 1,2,1,3,3,0,20.41,14.11,10.48,1.07,1.35,1.45,0.74,1.26,NA,NA,NA,5,14.33,0.71,20.18,0.7
LS B2 26-27 A,NA,NA,Type 1,2,1,3,3,0,20,12.61,11.05,0.97,1.76,1.59,0.88,1.81,NA,NA,NA,5,12.37,0.82,15.09,0.62
LS B2 26-27 A,NA,NA,Type 1,2,1,3,3,0,21.37,15.61,12.2,0.99,1.97,1.37,0.78,1.99,NA,NA,NA,5,13.67,0.82,16.67,0.64
LS B2 26-27 A,NA,NA,Type 1,2,1,3,3,0,15.55,11.9,7.13,1.76,2.5,1.31,0.6,1.42,NA,NA,NA,5,9.68,0.61,15.87,0.62
LS B2 26-27 A,NA,NA,Type 1,2,1,3,3,0,20.15,14.5,12,0.83,1.48,1.39,0.83,1.78,NA,NA,NA,5,13.04,0.76,17.16,0.65
LS B2 26-27 A,NA,NA,Type 1,2,1,3,3,0,21.44,14.71,10.18,1.22,1.69,1.46,0.69,1.39,NA,NA,NA,5,13.62,0.67,20.33,0.64
LS B2 26-27 A,NA,NA,Type 1,2,1,3,3,0,20.63,16.58,10.53,0.92,2.04,1.24,0.64,2.22,NA,NA,NA,5,13.51,0.77,17.55,0.65
LS B2 26-27 A,NA,NA,Type 1,2,1,3,3,0,18.93,15.8,10.24,1.7,1.51,1.2,0.65,0.89,NA,NA,NA,5,12.4,0.58,21.38,0.66
LS B2 26-27 A,NA,NA,Type 1,2,1,3,3,0,18.49,14.99,9.87,0.96,1.46,1.23,0.66,1.52,NA,NA,NA,5,10.29,0.7,14.7,0.56
LS B2 26-27 A,NA,NA,Type 1,2,1,3,3,0,18.27,15.43,9.68,1.24,1.73,1.18,0.63,1.4,NA,NA,NA,5,11.45,0.56,20.45,0.63
LS B2 24-25 (2),NA,NA,Type 1,2,1,3,3,0,19.87,15.18,10.33,1.21,1.75,1.31,0.68,1.45,NA,NA,NA,5,14.22,0.82,17.34,0.72
LS B2 24-25 (1),NA,NA,Type 1,2,1,3,3,0,23.52,17.92,14.04,1.32,1.86,1.31,0.78,1.41,NA,NA,NA,5,18.7,0.89,21.01,0.8
LS B2 24-25 (1),NA,NA,Type 1,2,1,3,3,0,22.78,17.36,13.21,1.23,1.9,1.31,0.76,1.54,NA,NA,NA,5,17.38,0.78,22.28,0.76
LS B2 24-25 (1),NA,NA,Type 1,2,1,3,3,0,20.1,14.78,11.06,1.5,2.08,1.36,0.75,1.39,NA,NA,NA,5,12.24,0.75,16.32,0.61
BW 75-76 (cm),NA,NA,Type 2,2,2,3,2,0,NA,NA,19.31,NA,1.14,NA,NA,NA,13.93,1.39,14.88,9,14.03,0.41,34.22,NA
BW 75-76 (cm),NA,NA,Type 2,2,2,3,2,0,NA,NA,19.8,NA,1.52,NA,NA,NA,13.47,1.47,16.03,9,17.22,0.54,31.89,NA
BW 75-76 (cm),NA,NA,Type 2,2,2,3,2,0,NA,NA,19.63,NA,1.26,NA,NA,NA,14.85,1.32,16.39,8,18.5,0.63,29.37,NA
BW 75-76 (cm),NA,NA,Type 2,2,2,3,2,0,NA,NA,19.17,NA,1.36,NA,NA,NA,13.82,1.39,15.23,9,15.85,0.81,19.57,NA
BW 75-76 (cm),NA,NA,Type 2,2,2,3,2,0,NA,NA,19.7,NA,1.33,NA,NA,NA,13.49,1.46,15.71,7,13.61,0.72,18.9,NA
BW 75-76 (cm),NA,NA,Type 2,2,2,3,2,0,NA,NA,20.86,NA,1.7,NA,NA,NA,14.8,1.41,15.82,9,16.14,0.85,18.99,NA
BW 75-76 (cm),NA,NA,Type 2,2,2,3,2,0,NA,NA,20.07,NA,1.35,NA,NA,NA,13.9,1.44,16.23,8,14.66,0.83,17.66,NA
BW 75-76 (cm),NA,NA,Type 2,2,2,3,2,0,NA,NA,21.31,NA,1.18,NA,NA,NA,13.65,1.56,16.74,9,16.14,0.65,24.83,NA
BW 75-76 (cm),NA,NA,Type 2,2,2,3,2,0,NA,NA,22.58,NA,1.64,NA,NA,NA,15.5,1.46,17.93,8,NA,NA,NA,NA
BW 75-76 (cm),NA,NA,Type 2,2,2,3,2,0,NA,NA,19.57,NA,1.37,NA,NA,NA,13.78,1.42,16.47,8,16.88,0.63,26.79,NA
BW 80-81 (cm),NA,NA,Type 2,2,2,3,2,0,NA,NA,17.67,NA,1.5,NA,NA,NA,11.37,1.55,13.71,9,11.51,0.46,25.02,NA
BW 80-81 (cm),NA,NA,Type 2,2,2,3,2,0,NA,NA,22.45,NA,1.59,NA,NA,NA,15.58,1.44,15.98,8,13.87,0.69,20.1,NA
BW 80-81 (cm),NA,NA,Type 2,2,2,3,2,0,NA,NA,19.35,NA,1.42,NA,NA,NA,14.13,1.37,15.11,9,12.08,0.75,16.11,NA
BW 80-81 (cm),NA,NA,Type 2,2,2,3,2,0,NA,NA,20.77,NA,1.24,NA,NA,NA,13.32,1.56,18.88,8,18.4,0.71,25.92,NA
BW 80-81 (cm),NA,NA,Type 2,2,2,3,2,0,NA,NA,21.08,NA,2.06,NA,NA,NA,14.85,1.42,17.29,9,18.12,0.86,21.07,NA
BW 90-91 (cm),NA,NA,Type 2,2,2,3,2,0,NA,NA,20.13,0.54,1.43,NA,NA,2.65,15.04,1.34,16.61,9,13.58,0.66,20.58,NA
BW 90-91 (cm),NA,NA,Type 2,2,2,3,2,0,NA,NA,18.95,0.66,1.14,NA,NA,1.73,13.82,1.37,16.05,9,12.01,0.67,17.93,NA
BW 95-96 (cm),NA,NA,Type 2,2,2,3,2,0,NA,NA,19.36,0.56,1.3,NA,NA,2.32,13.9,1.39,16.4,9,12.93,0.7,18.47,NA
BW 95-96 (cm),NA,NA,Type 2,2,2,3,2,0,NA,NA,16,0.6,1.31,NA,NA,2.18,12.84,1.25,11.99,9,9.7,0.49,19.8,NA
BW 100-101 (cm),NA,NA,Type 2,2,2,3,2,0,NA,NA,18.73,0.72,1.28,NA,NA,1.78,13.66,1.37,15.02,9,10.05,0.56,17.95,NA
BW 100-101 (cm),NA,NA,Type 2,2,2,3,2,0,NA,NA,18.95,1.12,1.54,NA,NA,1.38,13.01,1.46,15.18,9,16.45,0.63,26.11,NA
BW 100-101 (cm),NA,NA,Type 2,2,2,3,2,0,NA,NA,17.69,0.74,1.42,NA,NA,1.92,13.13,1.35,13.47,9,10.49,0.48,21.85,NA
BW 100-101 (cm),NA,NA,Type 2,2,2,3,2,0,NA,NA,18.74,0.93,1.56,NA,NA,1.68,14.44,1.3,15.22,9,11.61,0.58,20.02,NA
BW 100-101 (cm),NA,NA,Type 2,2,2,3,2,0,NA,NA,19.03,1.09,1.9,NA,NA,1.74,13.44,1.42,14.53,9,13.97,0.78,17.91,NA
BW 100-101 (cm),NA,NA,Type 2,2,2,3,2,0,NA,NA,16.55,0.84,1.15,NA,NA,1.37,11.15,1.48,12.85,9,11.62,0.74,15.7,NA
BW 100-101 (cm),NA,NA,Type 2,2,2,3,2,0,NA,NA,15.2,0.63,1.38,NA,NA,2.19,12.48,1.22,11.46,9,13.15,0.76,17.3,NA
BW 100-101 (cm),NA,NA,Type 2,2,2,3,2,0,NA,NA,18.41,0.83,1.42,NA,NA,1.71,11.88,1.55,14.14,9,13.95,0.62,NA,NA
BW 105-106 (cm),NA,NA,Type 2,2,2,3,2,0,NA,NA,17.89,0.8,1.35,NA,NA,1.69,13.65,NA,14.5,9,16.26,0.63,25.81,NA
BW 105-106 (cm),NA,NA,Type 2,2,2,3,2,0,NA,NA,18.11,0.56,1.38,NA,NA,2.46,13.74,NA,14.27,9,9.57,0.56,17.09,NA
BW 105-106 (cm),NA,NA,Type 2,2,2,3,2,0,NA,NA,20.34,0.75,1.14,NA,NA,1.52,11.57,NA,16.57,9,15.16,0.68,22.29,NA
LS B2 17-18,NA,NA,Type 2,2,2,3,2,0,NA,NA,20.04,1.13,1.5,NA,NA,1.33,13.59,1.47,14.69,8,18.12,0.69,26.26,NA
LS B2 26-27 A,NA,NA,Type 2,2,2,3,2,0,NA,NA,20.92,0.92,1.6,NA,NA,1.74,15.91,1.31,16.58,7,14.19,0.75,18.92,NA
LS B2 26-27 A,NA,NA,Type 2,2,2,3,2,0,NA,NA,21,0.87,1.55,NA,NA,1.78,15.28,1.37,15.74,8,15.59,0.56,27.84,NA
BW 75-76 (cm),NA,NA,Others,2,1,3,1,2,68.62,59.46,32.94,3.69,5.29,1.15,0.55,1.43,NA,NA,NA,5,NA,NA,NA,NA
BW 100-101 (cm),NA,NA,Others,2,1,3,1,2,54.02,43.05,28.81,3.11,2.1,NA,NA,NA,NA,NA,NA,5,22.53,0.7,NA,NA
BW 100-101 (cm),NA,NA,Others,2,1,3,1,2,56.3,44.25,35.76,2.5,4.68,1.27,0.81,1.87,NA,NA,NA,5,NA,NA,NA,NA
BW 100-101 (cm),NA,NA,Others,2,1,3,1,4,42.38,34.61,20.21,2.65,3.42,1.22,0.58,1.29,NA,NA,NA,5,27.45,0.89,30.84,0.65
BW 110-111 (cm),NA,NA,Others,2,1,3,1,2,46,35,23.16,2.89,3.57,NA,NA,NA,NA,NA,NA,5,17.03,1.14,NA,NA
LS B2 24-25 (1),NA,NA,Others,2,1,3,1,2,70.34,46.35,32.96,3.45,5.1,1.52,0.71,1.48,NA,NA,NA,5,NA,NA,NA,NA
LS B2 24-25 (1),NA,NA,Others,2,1,3,1,2,66.68,53.1,33.5,3.7,4.51,1.26,0.63,1.22,NA,NA,NA,5,NA,NA,NA,NA
LS B2 34-35,NA,NA,Others,2,1,3,1,2,66.1,45.97,32.72,2.48,4.29,1.44,0.71,1.73,NA,NA,NA,5,NA,NA,NA,NA
BW 100-101 (cm),NA,NA,Others,2,1,3,1,7,28.88,20.49,14.82,2.68,2.29,1.41,0.72,0.85,NA,NA,NA,5,17.31,0.54,32.06,0.6
BW 100-101 (cm),NA,NA,Others,2,1,3,1,7,30.03,20.86,14.23,1.54,2.58,1.44,0.68,1.68,NA,NA,NA,5,17.94,0.58,30.93,0.6
BW 75-76 (cm),NA,NA,Others,2,1,3,1,4,34.37,25.66,16.53,2.22,2.41,1.34,0.64,1.09,NA,NA,NA,5,NA,NA,NA,NA
BW 80-81 (cm),NA,NA,Others,2,1,3,1,1,35.47,29.67,17.71,2.11,3.61,1.2,0.6,1.71,NA,NA,NA,5,17.4,0.9,19.33,0.49
BW 100-101 (cm),NA,NA,Others,2,1,3,1,4,39.76,29.98,20.55,1.8,2.1,1.33,0.69,1.17,NA,NA,NA,5,19.25,0.74,26.01,0.48
BW 100-101 (cm),NA,NA,Others,2,1,3,1,1,32.44,26.08,14.46,2.75,1.8,1.24,0.55,0.65,NA,NA,NA,5,17.69,0.99,17.87,0.55
BW 75-76 (cm),NA,NA,Others,2,1,3,1,1,18.72,11.7,NA,1.33,1.32,1.6,NA,0.99,NA,NA,NA,5,12.41,0.5,24.82,0.66
BW 75-76 (cm),NA,NA,Others,2,1,3,1,1,18.88,14.53,12.22,0.72,1.17,1.3,0.84,1.63,NA,NA,NA,5,13.07,1.03,12.69,0.69
BW 75-76 (cm),NA,NA,Others,2,1,3,1,1,19.13,13.09,NA,1.29,2.03,1.46,NA,1.57,NA,NA,NA,5,14.03,1.13,12.42,0.73
BW 75-76 (cm),NA,NA,Others,2,1,3,1,1,16.25,12.09,NA,NA,1.81,1.34,NA,NA,NA,NA,NA,5,10.44,0.9,11.6,0.64
BW 75-76 (cm),NA,NA,Others,2,1,3,3,1,49.89,32.47,24.73,2.2,2.03,1.54,0.76,0.92,NA,NA,NA,5,NA,2.41,NA,NA
BW 75-76 (cm),NA,NA,Others,2,1,3,1,1,22.51,14.86,NA,1.36,1.85,1.51,NA,1.36,NA,NA,NA,5,14.22,0.79,18,0.63
BW 75-76 (cm),NA,NA,Others,2,1,3,1,1,27.58,22.94,14.9,2.5,2.3,1.2,0.65,0.92,NA,NA,NA,5,17.46,1.4,12.47,0.63
BW 75-76 (cm),NA,NA,Others,2,1,3,1,1,33.22,26.66,16.55,2.41,3.17,1.25,0.62,1.32,NA,NA,NA,5,21.61,1.34,16.13,0.65
BW 75-76 (cm),NA,NA,Others,2,1,3,1,1,21.07,15.57,11.46,1.69,1.63,1.35,0.74,0.96,NA,NA,NA,5,12.29,0.75,16.39,0.58
BW 75-76 (cm),NA,NA,Others,2,1,3,1,1,20.8,15.6,10.24,1.44,2.02,1.33,0.66,1.4,NA,NA,NA,5,14.13,1.04,13.59,0.68
BW 95-96 (cm),NA,NA,Others,2,1,3,1,1,20.24,16.11,9.65,1.44,2.07,1.26,0.6,1.44,NA,NA,NA,5,11.12,0.72,15.44,0.55
BW 95-96 (cm),NA,NA,Others,2,1,3,1,1,14.64,11.08,10.24,1.34,1.27,1.32,0.92,0.95,NA,NA,NA,5,11.12,0.64,17.38,0.76
BW 95-96 (cm),NA,NA,Others,2,1,3,1,1,21.82,14.71,11.73,1.2,1.52,1.48,0.8,1.27,NA,NA,NA,5,14.54,0.7,20.77,0.67
BW 95-96 (cm),NA,NA,Others,2,1,3,1,1,22.62,15.88,12.31,1.54,2.11,1.42,0.78,1.37,NA,NA,NA,5,14.52,0.72,20.17,0.64
BW 95-96 (cm),NA,NA,Others,2,1,3,1,1,17.51,11.45,10.9,1.27,1.92,1.53,0.95,1.51,NA,NA,NA,5,13.61,0.7,19.44,0.78
BW 110-111 (cm),NA,NA,Others,2,1,3,1,1,26.69,20.45,12.26,1.49,1.7,NA,NA,NA,NA,NA,NA,5,13.95,0.93,NA,NA